id	name	INH	RIF	EMB	STR	CIP	CYS	CAP	ETA	KAN	OFLX	PAS	PZA	AMK	MOXI	PRO	CLO	RBU	LEVO
4144	1479151773189T1375914lib3391nextseqn0004151bp	R	R	S	NULL	NULL	NULL	S	S	S	S	NULL	S	S	S	NULL	NULL	NULL	S
4145	1479151773189T1376014lib3392nextseqn0012151bp	R	R	S	NULL	NULL	NULL	S	S	S	S	NULL	S	S	S	NULL	NULL	NULL	S
4146	1479151773189T1376214lib3393nextseqn0004151bp	R	R	S	NULL	NULL	NULL	S	R	S	S	NULL	R	S	S	NULL	NULL	NULL	S
4147	1479151773189T1376314lib3394nextseqn0012151bp	R	S	S	NULL	NULL	NULL	S	S	S	S	NULL	S	S	S	NULL	NULL	NULL	S
4148	1479151773189T1376414lib3395nextseqn0004151bp	R	R	R	NULL	NULL	NULL	S	R	S	S	NULL	R	S	S	NULL	NULL	NULL	S
4149	1479151773189T1376514lib3396nextseqn0004151bp	R	R	R	NULL	NULL	NULL	S	S	S	S	NULL	R	S	S	NULL	NULL	NULL	S
4150	1479151773189T1376614lib3397nextseqn0012151bp	R	R	S	NULL	NULL	NULL	S	R	S	S	NULL	R	S	S	NULL	NULL	NULL	S
4151	1479151773189T1376714lib3398nextseqn0004151bp	R	S	S	NULL	NULL	NULL	S	R	S	S	NULL	S	S	S	NULL	NULL	NULL	S
4152	1479151773189T1376814lib3399nextseqn0004151bp	S	S	S	NULL	NULL	NULL	S	S	S	S	NULL	S	S	S	NULL	NULL	NULL	S
4153	1479151773189T1376914lib3400nextseqn0004151bp	R	S	S	NULL	NULL	NULL	S	R	S	S	NULL	S	S	S	NULL	NULL	NULL	S
4154	1479151773189T1377014lib3401nextseqn0004151bp	R	R	R	NULL	NULL	NULL	S	S	S	S	NULL	R	S	S	NULL	NULL	NULL	S
4155	1479151773189T1377114lib3402nextseqn0004151bp	R	S	S	NULL	NULL	NULL	S	R	S	S	NULL	S	S	S	NULL	NULL	NULL	S
4156	1479151773189T1377214lib3403nextseqn0004151bp	R	R	S	NULL	NULL	NULL	S	S	S	S	NULL	S	S	S	NULL	NULL	NULL	S
4157	1479151773189T1377414lib3405nextseqn0012151bp	R	R	S	NULL	NULL	NULL	S	S	S	S	NULL	R	S	S	NULL	NULL	NULL	S
4158	1479151773189T1377614lib3407nextseqn0004151bp	R	R	S	NULL	NULL	NULL	R	R	S	S	NULL	R	S	S	NULL	NULL	NULL	S
4159	1479151773189T1377714lib3408nextseqn0004151bp	R	R	S	NULL	NULL	NULL	S	R	S	S	NULL	R	S	S	NULL	NULL	NULL	S
4160	1479151773189T1377814lib3409nextseqn0004151bp	R	R	S	NULL	NULL	NULL	S	S	S	S	NULL	S	S	S	NULL	NULL	NULL	S
4161	1479151773189T1377914lib3410nextseqn0004151bp	R	R	S	NULL	NULL	NULL	S	S	S	S	NULL	R	S	S	NULL	NULL	NULL	S
4162	1479151773189T1378114lib3412nextseqn0004151bp	R	R	S	NULL	NULL	NULL	S	S	S	S	NULL	R	S	S	NULL	NULL	NULL	S
4163	1479151773189T1378214lib3413nextseqn0004151bp	R	R	R	NULL	NULL	NULL	S	S	S	S	NULL	R	S	S	NULL	NULL	NULL	S
4164	1479151773189T1378314lib3414nextseqn0004151bp	R	R	S	NULL	NULL	NULL	S	R	S	S	NULL	S	S	S	NULL	NULL	NULL	S
4165	1479151773189T1378414lib3415nextseqn0004151bp	R	R	S	NULL	NULL	NULL	S	S	S	S	NULL	R	S	S	NULL	NULL	NULL	S
4166	1479151773189T1378514lib3416nextseqn0004151bp	R	R	R	NULL	NULL	NULL	S	R	S	R	NULL	S	S	R	NULL	NULL	NULL	R
4167	1479151773189T1378614lib3417nextseqn0004151bp	R	R	S	NULL	NULL	NULL	S	S	S	S	NULL	R	S	S	NULL	NULL	NULL	S
4168	1479151773189T1378814lib3419nextseqn0004151bp	R	R	S	NULL	NULL	NULL	S	S	S	S	NULL	R	S	S	NULL	NULL	NULL	S
4169	1479151773189T1378914lib3420nextseqn0004151bp	R	R	S	NULL	NULL	NULL	S	S	S	S	NULL	S	S	S	NULL	NULL	NULL	S
4171	1479151773189T1379114lib3422nextseqn0004151bp	R	R	S	NULL	NULL	NULL	S	R	R	S	NULL	R	S	S	NULL	NULL	NULL	S
4172	1479151773189T1379214lib3423nextseqn0004151bp	R	R	R	NULL	NULL	NULL	S	S	S	S	NULL	R	S	S	NULL	NULL	NULL	S
4173	1479151773189T1379314lib3424nextseqn0012151bp	R	R	S	NULL	NULL	NULL	S	S	S	S	NULL	S	S	S	NULL	NULL	NULL	S
4183	1479153938227T1379514lib3426nextseqn0004151bp	R	R	I	NULL	NULL	NULL	S	S	S	S	NULL	R	S	S	NULL	NULL	NULL	S
4184	1479153938227T1379614lib3427nextseqn0004151bp	R	R	R	NULL	NULL	NULL	S	S	S	S	NULL	R	S	S	NULL	NULL	NULL	S
4185	1479153938227T1379714lib3428nextseqn0004151bp	R	R	S	NULL	NULL	NULL	S	S	S	S	NULL	R	S	S	NULL	NULL	NULL	S
4186	1479153938227T1379814lib3429nextseqn0004151bp	R	R	S	NULL	NULL	NULL	S	R	S	S	NULL	R	S	S	NULL	NULL	NULL	S
4187	1479153938227T1379914lib3430nextseqn0004151bp	R	R	S	NULL	NULL	NULL	S	S	S	S	NULL	R	S	S	NULL	NULL	NULL	S
4188	1479153938227T1380014lib3431nextseqn0004151bp	R	R	S	NULL	NULL	NULL	S	S	S	S	NULL	S	S	S	NULL	NULL	NULL	S
4189	1479153938227T1380214lib3433nextseqn0004151bp	R	S	S	NULL	NULL	NULL	S	R	S	S	NULL	S	S	S	NULL	NULL	NULL	S
4190	1479153938227T1380314lib3434nextseqn0004151bp	R	R	S	NULL	NULL	NULL	S	S	S	S	NULL	S	S	S	NULL	NULL	NULL	S
4191	1479153938227T1380414lib3435nextseqn0004151bp	R	R	S	NULL	NULL	NULL	S	R	S	S	NULL	R	S	S	NULL	NULL	NULL	S
4192	1479153938227T1380514lib3436nextseqn0004151bp	R	R	S	NULL	NULL	NULL	S	S	S	S	NULL	S	S	S	NULL	NULL	NULL	S
4194	1479153938227T1380614lib3971miseqr0140301bp	R	R	R	NULL	NULL	NULL	S	R	S	S	NULL	R	S	S	NULL	NULL	NULL	S
4195	1479153938227T1380714lib3437nextseqn0004151bp	S	S	S	NULL	NULL	NULL	S	S	S	S	NULL	S	S	S	NULL	NULL	NULL	S
4196	1479153938227T1380814lib3438nextseqn0004151bp	R	R	S	NULL	NULL	NULL	S	S	S	S	NULL	R	S	S	NULL	NULL	NULL	S
4197	1479153938227T1380914lib3439nextseqn0005151bp	R	R	I	NULL	NULL	NULL	S	S	S	S	NULL	S	S	S	NULL	NULL	NULL	S
4001	1478813216721T177115lib4769nextseqn0035151bp	R	R	R	NULL	NULL	NULL	S	S	S	S	NULL	S	S	S	NULL	NULL	NULL	S
4002	1478813216721T177215lib4770nextseqn0035151bp	R	R	R	NULL	NULL	NULL	S	S	S	S	NULL	R	S	S	NULL	NULL	NULL	S
4003	1478813216721T177315lib4771nextseqn0035151bp	R	R	R	NULL	NULL	NULL	S	S	S	S	NULL	R	S	S	NULL	NULL	NULL	S
4004	1478813216721T177415lib4772nextseqn0035151bp	R	R	R	NULL	NULL	NULL	S	S	S	S	NULL	R	S	S	NULL	NULL	NULL	S
4005	1478813216721T177515lib4773nextseqn0035151bp	R	R	R	NULL	NULL	NULL	S	S	S	S	NULL	S	S	S	NULL	NULL	NULL	S
4006	1478813216721T177615lib4774nextseqn0035151bp	R	R	R	NULL	NULL	NULL	S	S	S	S	NULL	R	S	S	NULL	NULL	NULL	S
4007	1478813216721T177715lib4775nextseqn0035151bp	R	R	R	NULL	NULL	NULL	S	S	S	S	NULL	R	S	S	NULL	NULL	NULL	S
4008	1478813216721T177815lib4776nextseqn0035151bp	R	R	R	NULL	NULL	NULL	S	S	S	S	NULL	R	S	S	NULL	NULL	NULL	S
4009	1478813216721T177915lib4984nextseqn0036151bp	R	R	R	NULL	NULL	NULL	S	R	S	S	NULL	S	S	S	NULL	NULL	NULL	S
4029	1479144119992T178115lib4986nextseqn0035151bp	R	R	R	NULL	NULL	NULL	S	R	S	S	NULL	R	S	S	NULL	NULL	NULL	S
4030	1479144119992T178215lib4987nextseqn0035151bp	R	R	R	NULL	NULL	NULL	S	S	S	S	NULL	S	S	S	NULL	NULL	NULL	S
4031	1479144119992T178315lib4988nextseqn0035151bp	R	S	S	NULL	NULL	NULL	S	S	S	S	NULL	R	S	S	NULL	NULL	NULL	S
4032	1479144119992T178415lib4989nextseqn0036151bp	R	R	S	NULL	NULL	NULL	S	S	S	R	NULL	R	S	R	NULL	NULL	NULL	S
4033	1479144119992T178515lib4990nextseqn0036151bp	R	R	S	NULL	NULL	NULL	S	S	S	R	NULL	R	S	S	NULL	NULL	NULL	S
4034	1479144119992T178615lib4991nextseqn0036151bp	R	R	R	NULL	NULL	NULL	S	R	S	S	NULL	S	S	S	NULL	NULL	NULL	S
4010	1478813216721T178815lib4993nextseqn0036151bp	R	R	S	NULL	NULL	NULL	S	S	S	S	NULL	S	S	S	NULL	NULL	NULL	S
4011	1478813216721T178915lib4994nextseqn0036151bp	R	R	R	NULL	NULL	NULL	S	S	S	S	NULL	R	S	S	NULL	NULL	NULL	S
4012	1478813216721T179015lib4995nextseqn0035151bp	R	R	S	NULL	NULL	NULL	S	S	S	S	NULL	R	S	S	NULL	NULL	NULL	S
4013	1478813216721T179115lib4996nextseqn0035151bp	R	R	S	NULL	NULL	NULL	S	S	S	S	NULL	R	S	S	NULL	NULL	NULL	S
4014	1478813216721T179215lib4997nextseqn0035151bp	R	R	S	NULL	NULL	NULL	S	S	S	S	NULL	R	S	S	NULL	NULL	NULL	S
4015	1478813216721T179315lib4998nextseqn0035151bp	R	I	S	NULL	NULL	NULL	S	S	S	S	NULL	R	S	S	NULL	NULL	NULL	S
4016	1478813216721T179415lib4999nextseqn0036151bp	R	R	R	NULL	NULL	NULL	S	S	S	S	NULL	R	S	S	NULL	NULL	NULL	S
4017	1478813216721T179515lib5000nextseqn0036151bp	R	R	S	NULL	NULL	NULL	S	S	S	S	NULL	S	S	S	NULL	NULL	NULL	S
4018	1478813216721T179615lib5001nextseqn0036151bp	R	R	R	NULL	NULL	NULL	S	S	S	S	NULL	R	S	S	NULL	NULL	NULL	S
4019	1478813216721T179715lib5002nextseqn0036151bp	R	R	S	NULL	NULL	NULL	S	S	S	S	NULL	S	S	S	NULL	NULL	NULL	S
4020	1478813216721T179815lib5003nextseqn0036151bp	R	S	S	NULL	NULL	NULL	S	R	S	S	NULL	S	S	S	NULL	NULL	NULL	S
4021	1478813216721T179915lib5004nextseqn0035151bp	R	S	S	NULL	NULL	NULL	S	S	S	S	NULL	S	S	S	NULL	NULL	NULL	S
4035	1479144813357T180115lib5006nextseqn0035151bp	R	R	R	NULL	NULL	NULL	S	S	R	S	NULL	R	R	S	NULL	NULL	NULL	S
4036	1479144813357T180215lib5007nextseqn0035151bp	S	R	S	NULL	NULL	NULL	S	S	S	S	NULL	S	S	S	NULL	NULL	NULL	S
4037	1479144813357T180315lib5008nextseqn0036151bp	R	R	R	NULL	NULL	NULL	S	S	S	S	NULL	R	S	S	NULL	NULL	NULL	S
4038	1479144813357T180415lib5009nextseqn0035151bp	R	R	S	NULL	NULL	NULL	S	S	S	S	NULL	S	S	S	NULL	NULL	NULL	S
4039	1479144813357T180515lib5010nextseqn0035151bp	R	R	R	NULL	NULL	NULL	S	R	S	S	NULL	S	S	S	NULL	NULL	NULL	S
4040	1479144813357T180615lib5011nextseqn0035151bp	R	R	S	NULL	NULL	NULL	S	S	S	S	NULL	S	S	S	NULL	NULL	NULL	S
4022	1478821006466T180815lib5013nextseqn0036151bp	R	R	R	NULL	NULL	NULL	S	S	S	S	NULL	R	S	S	NULL	NULL	NULL	S
4023	1478821006466T180915lib5014nextseqn0036151bp	R	R	S	NULL	NULL	NULL	S	S	S	S	NULL	S	S	S	NULL	NULL	NULL	S
4024	1478821006466T181015lib5015nextseqn0036151bp	R	R	S	NULL	NULL	NULL	S	S	S	S	NULL	S	S	S	NULL	NULL	NULL	S
4025	1478821006466T181115lib5016nextseqn0036151bp	R	R	R	NULL	NULL	NULL	S	S	S	S	NULL	R	S	S	NULL	NULL	NULL	S
4026	1478821006466T181215lib5017nextseqn0036151bp	R	R	S	NULL	NULL	NULL	S	S	S	S	NULL	S	S	S	NULL	NULL	NULL	S
4027	1478821006466T181315lib5018nextseqn0036151bp	R	R	S	NULL	NULL	NULL	S	S	S	S	NULL	S	S	S	NULL	NULL	NULL	S
4028	1478821006466T181415lib5019nextseqn0036151bp	R	R	S	NULL	NULL	NULL	S	S	S	S	NULL	R	S	S	NULL	NULL	NULL	S
4041	1479144813357T181615lib5021nextseqn0035151bp	R	R	S	NULL	NULL	NULL	S	R	S	S	NULL	R	S	S	NULL	NULL	NULL	S
4042	1479144813357T181715lib5022nextseqn0035151bp	R	R	R	NULL	NULL	NULL	S	S	S	S	NULL	R	S	S	NULL	NULL	NULL	S
4043	1479144813357T181815lib5023nextseqn0035151bp	R	R	R	NULL	NULL	NULL	S	R	S	R	NULL	R	S	R	NULL	NULL	NULL	R
4044	1479144813357T181915lib5024nextseqn0036151bp	S	R	S	NULL	NULL	NULL	S	R	S	S	NULL	S	S	S	NULL	NULL	NULL	S
4045	1479144813357T182015lib5025nextseqn0035151bp	R	R	R	NULL	NULL	NULL	S	S	S	S	NULL	R	S	S	NULL	NULL	NULL	S
4046	1479146369267T182115lib5026nextseqn0035151bp	R	R	S	NULL	NULL	NULL	S	R	S	S	NULL	R	S	S	NULL	NULL	NULL	S
4047	1479146369267T182215lib5027nextseqn0035151bp	R	R	S	NULL	NULL	NULL	S	S	S	S	NULL	S	S	S	NULL	NULL	NULL	S
4048	1479146369267T182315lib5028nextseqn0035151bp	R	R	R	NULL	NULL	NULL	S	S	S	S	NULL	R	S	S	NULL	NULL	NULL	S
4049	1479146369267T182415lib5029nextseqn0036151bp	R	R	R	NULL	NULL	NULL	S	S	S	R	NULL	R	S	S	NULL	NULL	NULL	S
4050	1479146369267T182515lib5030nextseqn0036151bp	R	R	R	NULL	NULL	NULL	S	S	S	S	NULL	S	S	S	NULL	NULL	NULL	S
4051	1479146369267T182615lib5031nextseqn0036151bp	R	R	S	NULL	NULL	NULL	S	R	S	S	NULL	R	S	S	NULL	NULL	NULL	S
4052	1479146369267T182715lib5032nextseqn0036151bp	R	R	S	NULL	NULL	NULL	S	S	S	S	NULL	S	S	S	NULL	NULL	NULL	S
4053	1479146369267T182815lib5033nextseqn0036151bp	R	R	R	NULL	NULL	NULL	S	S	S	S	NULL	S	S	S	NULL	NULL	NULL	S
4054	1479146369267T182915lib5034nextseqn0036151bp	R	R	R	NULL	NULL	NULL	S	R	S	S	NULL	S	S	S	NULL	NULL	NULL	S
4055	1479146369267T183015lib5035nextseqn0036151bp	R	R	S	NULL	NULL	NULL	S	S	I	S	NULL	S	S	S	NULL	NULL	NULL	S
4056	1479146369267T183115lib5036nextseqn0036151bp	R	R	R	NULL	NULL	NULL	S	S	S	S	NULL	R	S	S	NULL	NULL	NULL	S
4057	1479146369267T183215lib5037nextseqn0035151bp	R	S	S	NULL	NULL	NULL	S	S	S	S	NULL	R	S	S	NULL	NULL	NULL	S
4058	1479146369267T183315lib5038nextseqn0035151bp	R	R	R	NULL	NULL	NULL	S	S	S	S	NULL	R	S	S	NULL	NULL	NULL	S
4059	1479146369267T183415lib5039nextseqn0035151bp	R	R	S	NULL	NULL	NULL	S	S	S	S	NULL	R	S	S	NULL	NULL	NULL	S
4060	1479146369267T183515lib5040nextseqn0036151bp	R	R	R	NULL	NULL	NULL	S	S	S	S	NULL	R	S	S	NULL	NULL	NULL	S
4061	1479146369267T183615lib5041nextseqn0035151bp	R	R	R	NULL	NULL	NULL	S	S	S	S	NULL	R	S	S	NULL	NULL	NULL	S
4062	1479146369267T183715lib5042nextseqn0035151bp	R	R	S	NULL	NULL	NULL	S	S	S	S	NULL	S	S	S	NULL	NULL	NULL	S
4063	1479146369267T183815lib5043nextseqn0035151bp	R	S	S	NULL	NULL	NULL	S	S	S	S	NULL	R	S	S	NULL	NULL	NULL	S
4064	1479146369267T183915lib5044nextseqn0036151bp	R	R	S	NULL	NULL	NULL	S	S	S	S	NULL	S	S	S	NULL	NULL	NULL	S
4065	1479146369267T184015lib5045nextseqn0036151bp	R	R	S	NULL	NULL	NULL	S	S	S	S	NULL	S	S	S	NULL	NULL	NULL	S
4066	1479146369267T184115lib5046nextseqn0035151bp	R	R	R	NULL	NULL	NULL	S	S	S	S	NULL	S	S	S	NULL	NULL	NULL	S
4067	1479146369267T184215lib5047nextseqn0035151bp	R	R	R	NULL	NULL	NULL	S	S	S	S	NULL	S	S	S	NULL	NULL	NULL	S
4068	1479146369267T184315lib5048nextseqn0036151bp	S	R	S	NULL	NULL	NULL	S	S	S	S	NULL	S	S	S	NULL	NULL	NULL	S
4069	1479146369267T184415lib5049nextseqn0036151bp	R	R	R	NULL	NULL	NULL	S	R	S	S	NULL	R	S	S	NULL	NULL	NULL	S
4070	1479146369267T184515lib5050nextseqn0036151bp	R	R	S	NULL	NULL	NULL	S	S	S	S	NULL	R	S	S	NULL	NULL	NULL	S
4071	1479146369267T184615lib5051nextseqn0036151bp	R	R	S	NULL	NULL	NULL	S	S	S	S	NULL	R	S	S	NULL	NULL	NULL	S
4072	1479146369267T184715lib5052nextseqn0035151bp	R	S	S	NULL	NULL	NULL	S	S	S	S	NULL	S	S	S	NULL	NULL	NULL	S
4073	1479146369267T184815lib5053nextseqn0035151bp	R	R	R	NULL	NULL	NULL	S	S	S	S	NULL	R	S	S	NULL	NULL	NULL	S
4074	1479146369267T184915lib5054nextseqn0035151bp	R	R	R	NULL	NULL	NULL	S	R	S	S	NULL	R	S	S	NULL	NULL	NULL	S
4075	1479146369267T185015lib5055nextseqn0035151bp	R	R	S	NULL	NULL	NULL	S	S	S	S	NULL	S	S	S	NULL	NULL	NULL	S
4076	1479146369267T185115lib5056nextseqn0035151bp	R	R	R	NULL	NULL	NULL	S	S	S	S	NULL	S	S	S	NULL	NULL	NULL	S
4077	1479146369267T185215lib5057nextseqn0035151bp	R	R	R	NULL	NULL	NULL	S	S	S	S	NULL	S	S	S	NULL	NULL	NULL	S
4078	1479146369267T185315lib5058nextseqn0035151bp	R	R	S	NULL	NULL	NULL	S	S	S	S	NULL	R	S	S	NULL	NULL	NULL	S
4079	1479146369267T185415lib5059nextseqn0035151bp	R	R	R	NULL	NULL	NULL	S	S	S	S	NULL	R	S	S	NULL	NULL	NULL	S
4080	1479146369267T185515lib5060nextseqn0035151bp	R	S	S	NULL	NULL	NULL	S	S	S	S	NULL	S	S	S	NULL	NULL	NULL	S
4081	1479146369267T185615lib5061nextseqn0035151bp	S	S	S	NULL	NULL	NULL	S	S	S	S	NULL	S	S	S	NULL	NULL	NULL	S
4082	1479146369267T185715lib5063nextseqn0036151bp	R	R	S	NULL	NULL	NULL	S	S	S	S	NULL	S	S	S	NULL	NULL	NULL	S
4083	1479146369267T185815lib5062nextseqn0035151bp	R	R	R	NULL	NULL	NULL	S	S	S	S	NULL	R	S	S	NULL	NULL	NULL	S
4084	1479146369267T888215lib5603nextseqn0048151bp	R	R	S	NULL	NULL	NULL	S	R	S	S	NULL	R	S	S	NULL	NULL	NULL	S
4085	1479146369267T888315lib5604nextseqn0048151bp	R	R	R	NULL	NULL	NULL	S	R	S	S	NULL	S	S	S	NULL	NULL	NULL	S
4086	1479146369267T888415lib5605nextseqn0048151bp	R	R	S	NULL	NULL	NULL	S	S	S	S	NULL	R	S	S	NULL	NULL	NULL	S
4087	1479146369267T888515lib5606nextseqn0048151bp	R	R	S	NULL	NULL	NULL	S	R	R	S	NULL	R	R	S	NULL	NULL	NULL	S
4088	1479146369267T888615lib5607nextseqn0048151bp	R	R	R	NULL	NULL	NULL	S	R	S	S	NULL	R	S	S	NULL	NULL	NULL	S
4089	1479146369267T888715lib5608nextseqn0048151bp	R	R	S	NULL	NULL	NULL	S	R	S	S	NULL	S	S	S	NULL	NULL	NULL	S
4090	1479146369267T888815lib5609nextseqn0048151bp	R	R	R	NULL	NULL	NULL	S	S	S	S	NULL	R	S	S	NULL	NULL	NULL	S
4091	1479146369267T888915lib5610nextseqn0048151bp	R	R	S	NULL	NULL	NULL	S	R	S	R	NULL	S	S	R	NULL	NULL	NULL	R
4092	1479146369267T889015lib5611nextseqn0048151bp	R	R	R	NULL	NULL	NULL	S	S	S	S	NULL	R	S	S	NULL	NULL	NULL	S
4093	1479146369267T889115lib5612nextseqn0048151bp	R	R	R	NULL	NULL	NULL	S	S	S	S	NULL	S	S	S	NULL	NULL	NULL	S
4094	1479146369267T889215lib5613nextseqn0048151bp	R	R	R	NULL	NULL	NULL	S	R	R	R	NULL	S	S	S	NULL	NULL	NULL	S
4095	1479146369267T889315lib5614nextseqn0048151bp	R	R	S	NULL	NULL	NULL	S	R	S	S	NULL	S	S	S	NULL	NULL	NULL	S
4096	1479149361993T889415lib5615nextseqn0048151bp	R	R	S	NULL	NULL	NULL	S	S	S	S	NULL	S	S	S	NULL	NULL	NULL	S
4097	1479149361993T893015lib5699nextseqn0050151bp	NULL	NULL	NULL	NULL	NULL	NULL	S	NULL	S	S	NULL	NULL	S	S	NULL	NULL	NULL	S
4098	1479149361993T893215lib5701nextseqn0050151bp	NULL	NULL	NULL	NULL	NULL	NULL	S	NULL	S	S	NULL	NULL	S	S	NULL	NULL	NULL	S
4099	1479149361993T893315lib5702nextseqn0050151bp	NULL	NULL	NULL	NULL	NULL	NULL	S	NULL	S	S	NULL	NULL	S	S	NULL	NULL	NULL	S
4100	1479149361993T893415lib5703nextseqn0050151bp	NULL	NULL	NULL	NULL	NULL	NULL	S	NULL	R	S	NULL	NULL	R	S	NULL	NULL	NULL	S
4101	1479149361993T893515lib5704nextseqn0050151bp	NULL	NULL	NULL	NULL	NULL	NULL	S	NULL	S	S	NULL	NULL	S	S	NULL	NULL	NULL	S
4102	1479149361993T893615lib5719nextseqn0051151bp	NULL	NULL	NULL	NULL	NULL	NULL	S	NULL	S	S	NULL	NULL	S	S	NULL	NULL	NULL	S
4103	1479149361993T893715lib5720nextseqn0051151bp	R	R	R	NULL	NULL	NULL	S	R	S	S	NULL	R	S	S	NULL	NULL	NULL	S
4104	1479149361993T893815lib5721nextseqn0051151bp	NULL	NULL	NULL	NULL	NULL	NULL	S	NULL	S	R	NULL	NULL	S	R	NULL	NULL	NULL	S
4105	1479149361993T893915lib5722nextseqn0051151bp	NULL	NULL	NULL	NULL	NULL	NULL	S	NULL	R	R	NULL	NULL	S	R	NULL	NULL	NULL	R
4106	1479149361993T894015lib5723nextseqn0051151bp	NULL	NULL	NULL	NULL	NULL	NULL	S	NULL	S	S	NULL	NULL	S	S	NULL	NULL	NULL	S
4107	1479149361993T894115lib5724nextseqn0051151bp	NULL	NULL	NULL	NULL	NULL	NULL	S	NULL	S	S	NULL	NULL	S	S	NULL	NULL	NULL	S
4108	1479149361993T894215lib5725nextseqn0051151bp	NULL	NULL	NULL	NULL	NULL	NULL	S	NULL	S	S	NULL	NULL	S	S	NULL	NULL	NULL	S
4109	1479149361993T894315lib5726nextseqn0051151bp	NULL	NULL	NULL	NULL	NULL	NULL	S	NULL	S	S	NULL	NULL	S	S	NULL	NULL	NULL	S
4110	1479149361993T894415lib5727nextseqn0051151bp	NULL	NULL	NULL	NULL	NULL	NULL	S	NULL	S	S	NULL	NULL	S	S	NULL	NULL	NULL	S
4111	1479149361993T894515lib5728nextseqn0051151bp	NULL	NULL	NULL	NULL	NULL	NULL	S	NULL	R	S	NULL	NULL	R	S	NULL	NULL	NULL	S
4112	1479149361993T894615lib5729nextseqn0051151bp	NULL	NULL	NULL	NULL	NULL	NULL	S	NULL	S	S	NULL	NULL	S	S	NULL	NULL	NULL	S
4113	1479149361993T894715lib5730nextseqn0051151bp	NULL	NULL	NULL	NULL	NULL	NULL	S	NULL	S	S	NULL	NULL	S	S	NULL	NULL	NULL	S
4114	1479149361993T894815lib5731nextseqn0051151bp	NULL	NULL	NULL	NULL	NULL	NULL	R	NULL	R	R	NULL	NULL	R	R	NULL	NULL	NULL	R
4115	1479149361993T895015lib5732nextseqn0051151bp	NULL	NULL	NULL	NULL	NULL	NULL	R	NULL	R	R	NULL	NULL	S	R	NULL	NULL	NULL	I
4116	1479149361993T895115lib5733nextseqn0051151bp	NULL	NULL	NULL	NULL	NULL	NULL	S	NULL	S	R	NULL	NULL	S	S	NULL	NULL	NULL	S
4117	1479149361993T895215lib5734nextseqn0051151bp	NULL	NULL	NULL	NULL	NULL	NULL	S	NULL	R	R	NULL	NULL	S	R	NULL	NULL	NULL	R
4118	1479149361993T895315lib5735nextseqn0051151bp	NULL	NULL	NULL	NULL	NULL	NULL	S	NULL	S	S	NULL	NULL	S	S	NULL	NULL	NULL	S
4119	1479149361993T895415lib5736nextseqn0051151bp	NULL	NULL	NULL	NULL	NULL	NULL	S	NULL	R	S	NULL	NULL	S	S	NULL	NULL	NULL	S
4120	1479150601544T895515lib5737nextseqn0051151bp	NULL	NULL	NULL	NULL	NULL	NULL	S	NULL	S	S	NULL	NULL	S	S	NULL	NULL	NULL	S
4121	1479150601544T895615lib5738nextseqn0051151bp	NULL	NULL	NULL	NULL	NULL	NULL	R	NULL	R	R	NULL	NULL	R	I	NULL	NULL	NULL	S
4122	1479150601544T895715lib5739nextseqn0051151bp	NULL	NULL	NULL	NULL	NULL	NULL	S	NULL	R	S	NULL	NULL	S	S	NULL	NULL	NULL	S
4123	1479150601544T895815lib5740nextseqn0051151bp	R	R	R	NULL	NULL	NULL	S	S	S	S	NULL	R	S	S	NULL	NULL	NULL	S
4124	1479150601544T895915lib5741nextseqn0051151bp	NULL	NULL	NULL	NULL	NULL	NULL	S	NULL	R	I	NULL	NULL	R	I	NULL	NULL	NULL	S
4125	1479150601544T896015lib5742nextseqn0051151bp	NULL	NULL	NULL	NULL	NULL	NULL	S	NULL	R	R	NULL	NULL	R	R	NULL	NULL	NULL	R
4126	1479150601544T896215lib5744nextseqn0051151bp	R	R	R	NULL	NULL	NULL	S	R	S	S	NULL	R	S	S	NULL	NULL	NULL	S
4127	1479150601544T896315lib5745nextseqn0051151bp	NULL	NULL	NULL	NULL	NULL	NULL	R	NULL	R	S	NULL	NULL	R	S	NULL	NULL	NULL	S
4128	1479150601544T896415lib5746nextseqn0051151bp	NULL	NULL	NULL	NULL	NULL	NULL	S	NULL	S	S	NULL	NULL	S	S	NULL	NULL	NULL	S
4129	1479150601544T896515lib5747nextseqn0051151bp	NULL	NULL	NULL	NULL	NULL	NULL	S	NULL	S	R	NULL	NULL	S	R	NULL	NULL	NULL	R
4130	1479150601544T896615lib5748nextseqn0051151bp	NULL	NULL	NULL	NULL	NULL	NULL	R	NULL	R	R	NULL	NULL	R	R	NULL	NULL	NULL	I
4131	1479150601544T896715lib5749nextseqn0051151bp	R	R	R	NULL	NULL	NULL	S	R	S	S	NULL	R	S	S	NULL	NULL	NULL	S
4132	1479150601544T896815lib5750nextseqn0051151bp	R	R	R	NULL	NULL	NULL	S	S	R	R	NULL	R	I	R	NULL	NULL	NULL	R
4133	1479150601544T896915lib5751nextseqn0051151bp	NULL	NULL	NULL	NULL	NULL	NULL	S	NULL	S	S	NULL	NULL	S	S	NULL	NULL	NULL	S
4134	1479150601544T897115lib5752nextseqn0051151bp	NULL	NULL	NULL	NULL	NULL	NULL	S	NULL	S	R	NULL	NULL	S	R	NULL	NULL	NULL	R
4135	1479150601544T897315lib5754nextseqn0051151bp	NULL	NULL	NULL	NULL	NULL	NULL	S	NULL	S	S	NULL	NULL	S	S	NULL	NULL	NULL	S
4136	1479150601544T897415lib5755nextseqn0051151bp	NULL	NULL	NULL	NULL	NULL	NULL	S	NULL	S	S	NULL	NULL	S	S	NULL	NULL	NULL	S
4137	1479150601544T897515lib5756nextseqn0051151bp	NULL	NULL	NULL	NULL	NULL	NULL	S	NULL	S	S	NULL	NULL	S	S	NULL	NULL	NULL	S
4138	1479150601544T897615lib5757nextseqn0051151bp	NULL	NULL	NULL	NULL	NULL	NULL	S	NULL	S	R	NULL	NULL	S	R	NULL	NULL	NULL	R
4139	1479150601544T897715lib5758nextseqn0051151bp	NULL	NULL	NULL	NULL	NULL	NULL	S	NULL	R	S	NULL	NULL	S	S	NULL	NULL	NULL	S
4140	1479150601544T897915lib5759nextseqn0051151bp	NULL	NULL	NULL	NULL	NULL	NULL	S	NULL	S	S	NULL	NULL	S	S	NULL	NULL	NULL	S
4141	1479150601544T898015lib5760nextseqn0051151bp	NULL	NULL	NULL	NULL	NULL	NULL	S	NULL	S	S	NULL	NULL	S	S	NULL	NULL	NULL	S
4142	1479150601544T898115lib5761nextseqn0051151bp	NULL	NULL	NULL	NULL	NULL	NULL	S	NULL	R	S	NULL	NULL	S	S	NULL	NULL	NULL	S
4143	1479150601544T898315lib5762nextseqn0051151bp	NULL	NULL	NULL	NULL	NULL	NULL	S	NULL	S	S	NULL	NULL	S	S	NULL	NULL	NULL	S
4174	1479151773189T898415lib5763nextseqn0051151bp	NULL	NULL	NULL	NULL	NULL	NULL	S	NULL	S	S	NULL	NULL	S	S	NULL	NULL	NULL	S
4175	1479151773189T898515lib5764nextseqn0051151bp	R	R	R	NULL	NULL	NULL	R	R	R	R	NULL	R	R	R	NULL	NULL	NULL	R
4176	1479151773189T898615lib5765nextseqn0051151bp	NULL	NULL	NULL	NULL	NULL	NULL	S	NULL	S	S	NULL	NULL	S	S	NULL	NULL	NULL	S
4177	1479151773189T898715lib5766nextseqn0051151bp	NULL	NULL	NULL	NULL	NULL	NULL	S	NULL	S	R	NULL	NULL	S	R	NULL	NULL	NULL	R
4178	1479151773189T898815lib5767nextseqn0051151bp	NULL	NULL	NULL	NULL	NULL	NULL	R	NULL	R	R	NULL	NULL	R	S	NULL	NULL	NULL	S
4179	1479151773189T898915lib5768nextseqn0051151bp	NULL	NULL	NULL	NULL	NULL	NULL	S	NULL	R	S	NULL	NULL	S	S	NULL	NULL	NULL	S
4180	1479151773189T899015lib5769nextseqn0051151bp	NULL	NULL	NULL	NULL	NULL	NULL	S	NULL	S	S	NULL	NULL	S	S	NULL	NULL	NULL	S
4181	1479151773189T899115lib5770nextseqn0051151bp	R	R	R	NULL	NULL	NULL	S	S	R	R	NULL	R	I	R	NULL	NULL	NULL	R
4182	1479151773189T899215lib5771nextseqn0051151bp	NULL	NULL	NULL	NULL	NULL	NULL	S	NULL	R	S	NULL	NULL	S	S	NULL	NULL	NULL	S
4198	AFB0700001150	R	S	S	R	NULL	S	S	S	S	S	S	NULL	S	NULL	NULL	NULL	S	NULL
4199	AFB0700001273	I	I	I	I	NULL	NULL	NULL	NULL	NULL	NULL	NULL	I	NULL	NULL	NULL	NULL	NULL	NULL
4200	AFB0700001685	R	R	R	S	NULL	S	S	I	S	S	S	R	S	NULL	NULL	NULL	R	NULL
4201	AFB0700002740	S	S	S	S	NULL	NULL	NULL	NULL	NULL	NULL	NULL	S	NULL	NULL	NULL	NULL	NULL	NULL
4202	AFB0700003121	R	R	R	R	NULL	S	S	S	S	S	S	R	S	NULL	NULL	NULL	R	NULL
4203	AFB0800000210	S	S	S	S	NULL	NULL	NULL	NULL	NULL	NULL	NULL	NULL	NULL	NULL	NULL	NULL	NULL	NULL
4204	AFB0800000295	R	R	S	R	NULL	S	S	S	S	S	S	S	S	NULL	NULL	NULL	S	NULL
4205	AFB0800000324	S	R	S	S	NULL	NULL	NULL	NULL	NULL	NULL	NULL	S	NULL	NULL	NULL	NULL	NULL	NULL
4206	AFB0800000532	S	S	R	S	NULL	S	S	S	S	S	S	S	S	NULL	NULL	NULL	S	NULL
4207	AFB0800001872	S	S	S	S	NULL	NULL	NULL	NULL	NULL	NULL	NULL	R	NULL	NULL	NULL	NULL	NULL	NULL
4208	AFB0900001175	R	S	R	R	NULL	S	S	R	S	S	S	I	S	NULL	NULL	NULL	S	NULL
4209	IDR1100019254	S	S	S	S	NULL	NULL	NULL	NULL	NULL	NULL	NULL	S	NULL	NULL	NULL	NULL	NULL	NULL
4210	IDR1100020842	S	S	S	S	NULL	NULL	NULL	NULL	NULL	NULL	NULL	NULL	NULL	NULL	NULL	NULL	NULL	NULL
4211	IDR1100023189	S	S	S	S	NULL	NULL	NULL	NULL	NULL	NULL	NULL	S	NULL	NULL	NULL	NULL	NULL	NULL
4212	IDR1200001956	R	R	R	R	NULL	S	S	S	S	S	S	S	S	NULL	NULL	NULL	R	NULL
4213	IDR1200002066	R	R	R	R	NULL	S	S	S	S	S	S	S	S	NULL	NULL	NULL	R	NULL
4214	IDR1200003374	S	S	S	S	NULL	NULL	NULL	NULL	NULL	NULL	NULL	S	NULL	NULL	NULL	NULL	NULL	NULL
4215	IDR1200008928	R	R	S	R	NULL	S	S	R	S	S	S	S	S	NULL	NULL	NULL	R	NULL
4216	IDR1200010128	S	S	S	S	NULL	S	S	S	S	S	S	NULL	S	NULL	NULL	NULL	S	NULL
4217	IDR1200022433	R	R	R	R	NULL	S	S	R	R	S	S	S	R	NULL	NULL	NULL	R	NULL
4218	IDR1200022434	R	R	S	R	NULL	S	S	S	S	S	S	S	S	NULL	NULL	NULL	S	NULL
4219	IDR1200023774	R	R	S	S	NULL	S	S	S	S	S	S	S	S	NULL	NULL	NULL	S	NULL
4220	IDR1200028162	NULL	S	S	S	NULL	S	S	R	S	S	S	S	S	NULL	NULL	NULL	S	NULL
4221	IDR1200030168	R	R	R	R	NULL	S	S	S	R	S	S	S	R	NULL	NULL	NULL	R	NULL
4222	IDR1300005060	R	R	S	S	NULL	S	S	S	S	S	S	S	S	NULL	NULL	NULL	R	NULL
4223	IDR1300010061	R	R	R	R	NULL	NULL	NULL	NULL	NULL	NULL	NULL	R	NULL	NULL	NULL	NULL	NULL	NULL
4224	IDR1300016371	R	S	S	R	NULL	S	S	S	S	S	S	S	S	NULL	NULL	NULL	S	NULL
4225	IDR1300017766	R	S	S	S	NULL	NULL	NULL	R	NULL	NULL	NULL	S	NULL	NULL	NULL	NULL	NULL	NULL
4226	IDR1300018388	S	S	S	S	NULL	NULL	NULL	NULL	NULL	NULL	NULL	S	NULL	NULL	NULL	NULL	NULL	NULL
4227	IDR1300019614	R	R	R	S	NULL	S	S	S	S	R	S	R	S	NULL	NULL	NULL	R	NULL
4228	IDR1300021110	R	S	S	S	NULL	S	S	S	S	S	S	S	S	NULL	NULL	NULL	S	NULL
4229	IDR1300022959	S	S	S	S	NULL	NULL	NULL	NULL	NULL	NULL	NULL	S	NULL	NULL	NULL	NULL	NULL	NULL
4230	IDR1300023467	S	S	S	S	NULL	NULL	NULL	NULL	NULL	NULL	NULL	S	NULL	NULL	NULL	NULL	NULL	NULL
4231	IDR1300033719	R	R	S	S	NULL	S	S	R	S	S	S	R	S	NULL	NULL	NULL	R	NULL
4232	IDR1300038288	R	R	R	S	NULL	S	S	R	S	S	S	R	S	NULL	NULL	NULL	R	NULL
4233	IDR1400001909	S	S	S	S	NULL	NULL	NULL	NULL	NULL	NULL	NULL	S	NULL	NULL	NULL	NULL	NULL	NULL
4234	IDR1400002530	R	R	R	S	NULL	S	S	R	S	S	S	R	S	NULL	NULL	NULL	R	NULL
4235	IDR1400002533	S	S	S	S	NULL	S	S	S	S	S	S	NULL	S	NULL	NULL	NULL	S	NULL
4236	IDR1400003506	NULL	S	S	R	NULL	S	S	R	S	S	S	S	S	NULL	NULL	NULL	S	NULL
4237	IDR1400004223	S	S	S	S	NULL	NULL	NULL	NULL	NULL	NULL	NULL	S	NULL	NULL	NULL	NULL	NULL	NULL
4238	IDR1400006549	R	R	S	R	NULL	S	S	R	S	S	S	S	S	NULL	NULL	NULL	S	NULL
4239	IDR1400007566	NULL	S	R	R	NULL	S	S	R	S	S	S	R	S	NULL	NULL	NULL	S	NULL
4240	IDR1400008041	R	S	S	S	NULL	S	S	S	S	S	S	S	S	NULL	NULL	NULL	S	NULL
4241	IDR1400009529	S	S	S	S	NULL	NULL	NULL	NULL	NULL	NULL	NULL	S	NULL	NULL	NULL	NULL	NULL	NULL
4242	IDR1400011176	NULL	S	S	R	NULL	S	S	S	S	S	S	S	S	NULL	NULL	NULL	S	NULL
4243	IDR1400014851	NULL	S	S	S	NULL	S	S	R	S	S	S	S	S	NULL	NULL	NULL	S	NULL
4244	IDR1400026616	NULL	S	S	R	NULL	S	S	R	S	S	S	S	S	NULL	NULL	NULL	S	NULL
4245	IDR1400026773	NULL	S	S	R	NULL	S	S	S	S	S	S	S	S	NULL	NULL	NULL	S	NULL
4246	IDR1400028307	S	S	S	S	NULL	NULL	NULL	NULL	NULL	NULL	NULL	S	NULL	NULL	NULL	NULL	NULL	NULL
4247	IDR1400029413	R	S	S	R	NULL	S	S	R	S	S	S	S	S	NULL	NULL	NULL	S	NULL
4248	IDR1400029458	S	S	S	S	NULL	NULL	NULL	NULL	NULL	NULL	NULL	S	NULL	NULL	NULL	NULL	NULL	NULL
4249	IDR1400032120	S	S	S	S	NULL	NULL	NULL	NULL	NULL	NULL	NULL	S	NULL	NULL	NULL	NULL	NULL	NULL
4250	IDR1400032281	S	S	S	S	NULL	NULL	NULL	NULL	NULL	NULL	NULL	S	NULL	NULL	NULL	NULL	NULL	NULL
4251	IDR1400032735	R	R	R	S	NULL	S	S	S	S	S	S	S	S	NULL	NULL	NULL	R	NULL
4252	IDR1400033739	S	S	S	S	NULL	NULL	NULL	NULL	NULL	NULL	NULL	S	NULL	NULL	NULL	NULL	NULL	NULL
4253	IDR1400033866	S	S	S	S	NULL	NULL	NULL	NULL	NULL	NULL	NULL	S	NULL	NULL	NULL	NULL	NULL	NULL
4254	IDR1400034450	S	S	S	S	NULL	NULL	NULL	NULL	NULL	NULL	NULL	R	NULL	NULL	NULL	NULL	NULL	NULL
4255	IDR1400036339	S	S	S	I	NULL	NULL	NULL	NULL	NULL	NULL	NULL	S	NULL	NULL	NULL	NULL	NULL	NULL
4256	IDR1400036823	R	R	R	R	NULL	S	S	R	R	R	S	R	R	NULL	NULL	NULL	R	NULL
4257	IDR1500000665	R	R	R	R	NULL	S	S	R	S	R	S	NULL	S	NULL	NULL	NULL	S	NULL
4258	IDR1500003469	R	R	R	R	NULL	S	S	S	S	S	S	S	S	NULL	NULL	NULL	R	NULL
4259	IDR1500006146	R	S	S	R	NULL	S	S	S	S	R	S	S	S	NULL	NULL	NULL	S	NULL
4260	IDR1500007955	S	S	S	S	NULL	NULL	NULL	NULL	NULL	NULL	NULL	S	NULL	NULL	NULL	NULL	NULL	NULL
4261	IDR1500008439	S	S	S	S	NULL	NULL	NULL	NULL	NULL	NULL	NULL	S	NULL	NULL	NULL	NULL	NULL	NULL
4262	IDR1500009074	R	R	S	S	NULL	S	S	S	S	S	S	S	S	NULL	NULL	NULL	R	NULL
4263	IDR1500009344	R	NULL	R	R	NULL	S	S	R	S	S	S	R	S	NULL	NULL	NULL	R	NULL
4264	IDR1500010219	NULL	S	S	S	NULL	S	S	S	S	S	S	S	S	NULL	NULL	NULL	S	NULL
4265	IDR1500045314	S	S	S	S	NULL	NULL	NULL	NULL	NULL	NULL	NULL	I	NULL	NULL	NULL	NULL	NULL	NULL
4266	IDR1500045852	R	S	S	S	NULL	S	S	S	S	S	S	S	S	NULL	NULL	NULL	S	NULL
4267	IDR1500047122	NULL	S	S	S	NULL	S	S	R	S	S	S	S	S	NULL	NULL	NULL	S	NULL
4268	IDR1500048671	S	S	S	S	NULL	NULL	NULL	NULL	NULL	NULL	NULL	S	NULL	NULL	NULL	NULL	NULL	NULL
4269	IDR1500048830	S	S	S	S	NULL	NULL	NULL	NULL	NULL	NULL	NULL	S	NULL	NULL	NULL	NULL	NULL	NULL
4270	IDR1500049548	R	R	R	R	NULL	S	S	R	R	R	S	NULL	S	NULL	NULL	NULL	S	NULL
4271	IDR1500049762	NULL	S	S	S	NULL	S	S	R	S	S	S	S	S	NULL	NULL	NULL	S	NULL
4272	IDR1500049950	R	S	S	R	NULL	S	S	S	S	S	S	S	S	NULL	NULL	NULL	S	NULL
4273	IDR1500050467	S	S	S	S	NULL	NULL	NULL	NULL	NULL	NULL	NULL	S	NULL	NULL	NULL	NULL	NULL	NULL
4274	IDR1500051244	S	S	S	S	NULL	NULL	NULL	NULL	NULL	NULL	NULL	S	NULL	NULL	NULL	NULL	NULL	NULL
4275	IDR1500051248	S	S	S	S	NULL	NULL	NULL	NULL	NULL	NULL	NULL	S	NULL	NULL	NULL	NULL	NULL	NULL
4276	IDR1500051477	S	S	S	S	NULL	NULL	NULL	NULL	NULL	NULL	NULL	S	NULL	NULL	NULL	NULL	NULL	NULL
4277	IDR1500051828	S	S	S	S	NULL	NULL	NULL	NULL	NULL	NULL	NULL	S	NULL	NULL	NULL	NULL	NULL	NULL
4278	IDR1500052024	S	S	S	S	NULL	S	S	S	S	R	S	S	S	NULL	NULL	NULL	S	NULL
4279	IDR1500052246	R	S	S	S	NULL	S	S	S	S	S	S	R	S	NULL	NULL	NULL	S	NULL
4280	IDR1500052248	R	R	R	S	NULL	S	S	S	S	R	S	R	S	NULL	NULL	NULL	R	NULL
4281	IDR1500052791	S	S	S	S	NULL	S	R	S	S	S	S	S	S	NULL	NULL	NULL	S	NULL
4282	IDR1500052794	S	S	S	S	NULL	NULL	NULL	NULL	NULL	NULL	NULL	S	NULL	NULL	NULL	NULL	NULL	NULL
4283	IDR1500052969	S	S	S	S	NULL	NULL	NULL	NULL	NULL	NULL	NULL	S	NULL	NULL	NULL	NULL	NULL	NULL
4284	IDR1500053361	S	S	S	S	NULL	NULL	NULL	NULL	NULL	NULL	NULL	S	NULL	NULL	NULL	NULL	NULL	NULL
4285	IDR1500053362	S	S	S	S	NULL	NULL	NULL	NULL	NULL	NULL	NULL	S	NULL	NULL	NULL	NULL	NULL	NULL
4286	IDR1500053652	S	S	S	S	NULL	NULL	NULL	NULL	NULL	NULL	NULL	S	NULL	NULL	NULL	NULL	NULL	NULL
4287	IDR1500053660	R	S	S	S	NULL	S	S	S	S	S	S	S	S	NULL	NULL	NULL	S	NULL
4288	IDR1500054144	S	S	S	S	NULL	NULL	NULL	NULL	NULL	NULL	NULL	S	NULL	NULL	NULL	NULL	NULL	NULL
4289	IDR1500054145	R	S	S	S	NULL	S	S	S	S	S	S	S	S	NULL	NULL	NULL	S	NULL
4290	IDR1500054147	R	S	S	S	NULL	S	S	S	S	S	S	S	S	NULL	NULL	NULL	S	NULL
4291	IDR1500054148	S	S	S	S	NULL	NULL	NULL	NULL	NULL	NULL	NULL	S	NULL	NULL	NULL	NULL	NULL	NULL
4292	IDR1500054445	S	S	S	S	NULL	NULL	NULL	NULL	NULL	NULL	NULL	S	NULL	NULL	NULL	NULL	NULL	NULL
4293	IDR1500054922	S	S	S	R	NULL	NULL	NULL	NULL	NULL	NULL	NULL	S	NULL	NULL	NULL	NULL	NULL	NULL
4294	IDR1500055140	S	S	S	S	NULL	NULL	NULL	NULL	NULL	NULL	NULL	S	NULL	NULL	NULL	NULL	NULL	NULL
4295	IDR1500055141	NULL	NULL	NULL	NULL	NULL	NULL	NULL	NULL	NULL	NULL	NULL	S	NULL	NULL	NULL	NULL	NULL	NULL
4296	IDR1500055344	NULL	S	S	S	NULL	S	S	I	S	S	S	S	S	NULL	NULL	NULL	S	NULL
4297	IDR1500055398	S	S	S	S	NULL	NULL	NULL	NULL	NULL	NULL	NULL	S	NULL	NULL	NULL	NULL	NULL	NULL
4298	IDR1500056763	S	S	S	S	NULL	NULL	NULL	NULL	NULL	NULL	NULL	S	NULL	NULL	NULL	NULL	NULL	NULL
4299	IDR1500056764	S	S	S	R	NULL	NULL	NULL	NULL	NULL	NULL	NULL	S	NULL	NULL	NULL	NULL	NULL	NULL
4300	IDR1500056766	S	S	S	S	NULL	NULL	NULL	NULL	NULL	NULL	NULL	R	NULL	NULL	NULL	NULL	NULL	NULL
4301	IDR1500056767	S	S	S	S	NULL	NULL	NULL	NULL	NULL	NULL	NULL	S	NULL	NULL	NULL	NULL	NULL	NULL
4302	IDR1500057022	R	S	S	R	NULL	S	S	S	S	S	S	R	S	NULL	NULL	NULL	S	NULL
4303	IDR1500057177	S	S	S	R	NULL	NULL	NULL	NULL	NULL	NULL	NULL	R	NULL	NULL	NULL	NULL	NULL	NULL
4304	IDR1500057631	S	S	S	S	NULL	NULL	NULL	NULL	NULL	NULL	NULL	S	NULL	NULL	NULL	NULL	NULL	NULL
4305	IDR1500057969	S	S	S	S	NULL	NULL	NULL	NULL	NULL	NULL	NULL	S	NULL	NULL	NULL	NULL	NULL	NULL
4306	IDR1500057970	S	S	S	S	NULL	NULL	NULL	NULL	NULL	NULL	NULL	S	NULL	NULL	NULL	NULL	NULL	NULL
4307	IDR1500058176	S	S	S	S	NULL	S	S	S	S	S	S	S	S	NULL	NULL	NULL	S	NULL
4308	IDR1500058475	S	S	S	S	NULL	NULL	NULL	NULL	NULL	NULL	NULL	S	NULL	NULL	NULL	NULL	NULL	NULL
4309	IDR1500059313	S	S	S	S	NULL	NULL	NULL	NULL	NULL	NULL	NULL	S	NULL	NULL	NULL	NULL	NULL	NULL
4310	IDR1500059320	S	S	S	S	NULL	NULL	NULL	NULL	NULL	NULL	NULL	S	NULL	NULL	NULL	NULL	NULL	NULL
4311	IDR1500059803	S	S	S	S	NULL	NULL	NULL	NULL	NULL	NULL	NULL	S	NULL	NULL	NULL	NULL	NULL	NULL
4312	IDR1500059889	S	S	S	S	NULL	NULL	NULL	NULL	NULL	NULL	NULL	S	NULL	NULL	NULL	NULL	NULL	NULL
4313	IDR1500060570	S	S	S	R	NULL	NULL	NULL	NULL	NULL	NULL	NULL	R	NULL	NULL	NULL	NULL	NULL	NULL
4314	IDR1500061013	S	S	S	S	NULL	NULL	NULL	NULL	NULL	NULL	NULL	S	NULL	NULL	NULL	NULL	NULL	NULL
4315	IDR1500061127	S	S	S	S	NULL	NULL	NULL	NULL	NULL	NULL	NULL	S	NULL	NULL	NULL	NULL	NULL	NULL
4316	IDR1500061133	S	S	S	S	NULL	S	S	S	S	S	S	S	S	NULL	NULL	NULL	S	NULL
4317	IDR1500061876	S	S	S	S	NULL	NULL	NULL	NULL	NULL	NULL	NULL	R	NULL	NULL	NULL	NULL	NULL	NULL
4318	IDR1500061908	S	S	S	S	NULL	NULL	NULL	NULL	NULL	NULL	NULL	S	NULL	NULL	NULL	NULL	NULL	NULL
4319	IDR1500061909	R	S	S	R	NULL	S	S	S	S	S	S	S	S	NULL	NULL	NULL	S	NULL
4320	IDR1500061962	NULL	S	S	R	NULL	S	S	R	S	S	S	S	S	NULL	NULL	NULL	S	NULL
4321	IDR1500062006	S	S	S	S	NULL	NULL	NULL	NULL	NULL	NULL	NULL	S	NULL	NULL	NULL	NULL	NULL	NULL
4322	IDR1500062042	S	S	S	S	NULL	NULL	NULL	NULL	NULL	NULL	NULL	S	NULL	NULL	NULL	NULL	NULL	NULL
4323	IDR1500062168	S	S	S	S	NULL	NULL	NULL	NULL	NULL	NULL	NULL	S	NULL	NULL	NULL	NULL	NULL	NULL
4324	IDR1500062169	S	S	S	S	NULL	NULL	NULL	NULL	NULL	NULL	NULL	S	NULL	NULL	NULL	NULL	NULL	NULL
4325	IDR1500062183	S	S	S	S	NULL	S	S	S	S	S	S	S	S	NULL	NULL	NULL	S	NULL
4326	IDR1500062349	S	S	S	R	NULL	NULL	NULL	NULL	NULL	NULL	NULL	S	NULL	NULL	NULL	NULL	NULL	NULL
4327	IDR1500062350	S	S	S	S	NULL	NULL	NULL	NULL	NULL	NULL	NULL	S	NULL	NULL	NULL	NULL	NULL	NULL
4328	IDR1500062509	S	S	S	R	NULL	NULL	NULL	NULL	NULL	NULL	NULL	S	NULL	NULL	NULL	NULL	NULL	NULL
4329	IDR1500062511	S	S	S	S	NULL	NULL	NULL	NULL	NULL	NULL	NULL	S	NULL	NULL	NULL	NULL	NULL	NULL
4330	IDR1500062635	S	S	S	S	NULL	NULL	NULL	NULL	NULL	NULL	NULL	S	NULL	NULL	NULL	NULL	NULL	NULL
4331	IDR1500062818	S	S	S	S	NULL	NULL	NULL	NULL	NULL	NULL	NULL	S	NULL	NULL	NULL	NULL	NULL	NULL
4332	IDR1500062826	S	S	S	S	NULL	NULL	NULL	NULL	NULL	NULL	NULL	R	NULL	NULL	NULL	NULL	NULL	NULL
4333	IDR1500063002	R	S	S	S	NULL	S	S	S	S	S	S	S	S	NULL	NULL	NULL	S	NULL
4334	IDR1500063136	S	S	S	S	NULL	NULL	NULL	NULL	NULL	NULL	NULL	S	NULL	NULL	NULL	NULL	NULL	NULL
4335	IDR1500063304	S	S	S	S	NULL	NULL	NULL	NULL	NULL	NULL	NULL	S	NULL	NULL	NULL	NULL	NULL	NULL
4336	IDR1500063732	S	S	S	S	NULL	NULL	NULL	NULL	NULL	NULL	NULL	S	NULL	NULL	NULL	NULL	NULL	NULL
4337	IDR1500065550	S	S	S	S	NULL	NULL	NULL	NULL	NULL	NULL	NULL	S	NULL	NULL	NULL	NULL	NULL	NULL
4338	IDR1500065702	S	S	S	S	NULL	NULL	NULL	NULL	NULL	NULL	NULL	S	NULL	NULL	NULL	NULL	NULL	NULL
4339	IDR1500065704	S	S	S	S	NULL	NULL	NULL	NULL	NULL	NULL	NULL	S	NULL	NULL	NULL	NULL	NULL	NULL
4340	IDR1500066192	S	S	S	S	NULL	NULL	NULL	NULL	NULL	NULL	NULL	S	NULL	NULL	NULL	NULL	NULL	NULL
4341	IDR1500066354	S	S	S	S	NULL	NULL	NULL	NULL	NULL	NULL	NULL	S	NULL	NULL	NULL	NULL	NULL	NULL
4342	IDR1500066660	S	S	S	S	NULL	NULL	NULL	NULL	NULL	NULL	NULL	S	NULL	NULL	NULL	NULL	NULL	NULL
4343	IDR1500066661	S	S	S	S	NULL	NULL	NULL	NULL	NULL	NULL	NULL	S	NULL	NULL	NULL	NULL	NULL	NULL
4344	IDR1500066750	S	S	S	S	NULL	NULL	NULL	NULL	NULL	NULL	NULL	S	NULL	NULL	NULL	NULL	NULL	NULL
4345	IDR1500066946	R	S	S	S	NULL	S	S	S	S	S	S	S	S	NULL	NULL	NULL	S	NULL
4346	IDR1500067319	S	S	S	S	NULL	NULL	NULL	NULL	NULL	NULL	NULL	S	NULL	NULL	NULL	NULL	NULL	NULL
4347	IDR1500067320	S	S	S	R	NULL	NULL	NULL	NULL	NULL	NULL	NULL	S	NULL	NULL	NULL	NULL	NULL	NULL
4348	IDR1500067323	S	S	S	S	NULL	NULL	NULL	NULL	NULL	NULL	NULL	S	NULL	NULL	NULL	NULL	NULL	NULL
4349	IDR1500067462	S	S	S	S	NULL	NULL	NULL	NULL	NULL	NULL	NULL	S	NULL	NULL	NULL	NULL	NULL	NULL
4350	IDR1500067984	S	S	S	S	NULL	NULL	NULL	NULL	NULL	NULL	NULL	S	NULL	NULL	NULL	NULL	NULL	NULL
4351	IDR1500068120	S	S	S	S	NULL	NULL	NULL	NULL	NULL	NULL	NULL	S	NULL	NULL	NULL	NULL	NULL	NULL
4352	IDR1500068721	R	S	S	S	NULL	S	S	R	S	S	S	S	S	NULL	NULL	NULL	S	NULL
4353	IDR1500068895	S	S	S	S	NULL	NULL	NULL	NULL	NULL	NULL	NULL	S	NULL	NULL	NULL	NULL	NULL	NULL
4354	IDR1500068896	S	S	S	S	NULL	NULL	NULL	NULL	NULL	NULL	NULL	S	NULL	NULL	NULL	NULL	NULL	NULL
4355	IDR1500069348	S	S	S	S	NULL	NULL	NULL	NULL	NULL	NULL	NULL	S	NULL	NULL	NULL	NULL	NULL	NULL
4356	IDR1500069613	S	S	S	R	NULL	S	S	S	S	S	S	S	S	NULL	NULL	NULL	S	NULL
4357	IDR1500069614	S	S	S	S	NULL	NULL	NULL	NULL	NULL	NULL	NULL	S	NULL	NULL	NULL	NULL	NULL	NULL
4358	IDR1500069726	S	S	S	R	NULL	NULL	NULL	NULL	NULL	NULL	NULL	S	NULL	NULL	NULL	NULL	NULL	NULL
4359	IDR1500070283	S	S	S	S	NULL	NULL	NULL	NULL	NULL	NULL	NULL	S	NULL	NULL	NULL	NULL	NULL	NULL
4360	IDR1500070812	S	S	S	S	NULL	NULL	NULL	NULL	NULL	NULL	NULL	S	NULL	NULL	NULL	NULL	NULL	NULL
4361	IDR1500070900	S	S	S	S	NULL	NULL	NULL	NULL	NULL	NULL	NULL	S	NULL	NULL	NULL	NULL	NULL	NULL
4362	IDR1500071331	S	S	S	R	NULL	NULL	NULL	NULL	NULL	NULL	NULL	S	NULL	NULL	NULL	NULL	NULL	NULL
4363	IDR1500071800	S	S	S	S	NULL	S	S	S	S	S	S	NULL	S	NULL	NULL	NULL	S	NULL
4364	IDR1500071801	S	S	S	S	NULL	NULL	NULL	NULL	NULL	NULL	NULL	I	NULL	NULL	NULL	NULL	NULL	NULL
4365	IDR1500071802	S	S	S	R	NULL	NULL	NULL	NULL	NULL	NULL	NULL	S	NULL	NULL	NULL	NULL	NULL	NULL
4366	IDR1500072113	S	S	S	S	NULL	NULL	NULL	NULL	NULL	NULL	NULL	R	NULL	NULL	NULL	NULL	NULL	NULL
4367	IDR1500072159	S	S	S	S	NULL	NULL	NULL	NULL	NULL	NULL	NULL	S	NULL	NULL	NULL	NULL	NULL	NULL
4368	IDR1500072206	S	S	S	S	NULL	NULL	NULL	NULL	NULL	NULL	NULL	S	NULL	NULL	NULL	NULL	NULL	NULL
4369	IDR1500072381	S	S	S	S	NULL	NULL	NULL	NULL	NULL	NULL	NULL	S	NULL	NULL	NULL	NULL	NULL	NULL
4370	IDR1500072503	I	S	S	S	NULL	NULL	NULL	NULL	NULL	NULL	NULL	I	NULL	NULL	NULL	NULL	NULL	NULL
4371	IDR1500072738	S	S	S	S	NULL	NULL	NULL	NULL	NULL	NULL	NULL	S	NULL	NULL	NULL	NULL	NULL	NULL
4372	IDR1600000081	S	S	S	S	NULL	NULL	NULL	NULL	NULL	R	NULL	S	NULL	NULL	NULL	NULL	NULL	NULL
4373	IDR1600000150	S	S	S	S	NULL	NULL	NULL	NULL	NULL	NULL	NULL	S	NULL	NULL	NULL	NULL	NULL	NULL
4374	IDR1600000287	S	S	S	S	NULL	NULL	NULL	NULL	NULL	NULL	NULL	S	NULL	NULL	NULL	NULL	NULL	NULL
4375	IDR1600000436	S	S	S	R	NULL	NULL	NULL	NULL	NULL	NULL	NULL	S	NULL	NULL	NULL	NULL	NULL	NULL
4376	IDR1600000553	S	S	S	S	NULL	NULL	NULL	NULL	NULL	NULL	NULL	S	NULL	NULL	NULL	NULL	NULL	NULL
4377	IDR1600000568	S	S	S	S	NULL	NULL	NULL	NULL	NULL	NULL	NULL	S	NULL	NULL	NULL	NULL	NULL	NULL
4378	IDR1600000642	S	S	S	R	NULL	NULL	NULL	NULL	NULL	NULL	NULL	I	NULL	NULL	NULL	NULL	NULL	NULL
4379	IDR1600000643	S	S	S	S	NULL	NULL	NULL	NULL	NULL	NULL	NULL	S	NULL	NULL	NULL	NULL	NULL	NULL
4380	IDR1600000726	R	S	S	S	NULL	S	S	S	S	S	S	S	S	NULL	NULL	NULL	S	NULL
4381	IDR1600000941	I	S	S	S	NULL	S	S	S	S	S	S	R	S	NULL	NULL	NULL	S	NULL
4382	IDR1600001077	NULL	NULL	NULL	NULL	NULL	NULL	NULL	NULL	NULL	NULL	NULL	S	NULL	NULL	NULL	NULL	NULL	NULL
4383	IDR1600001203	S	S	S	S	NULL	NULL	NULL	NULL	NULL	NULL	NULL	R	NULL	NULL	NULL	NULL	NULL	NULL
4384	IDR1600001648	S	S	S	S	NULL	NULL	NULL	NULL	NULL	NULL	NULL	S	NULL	NULL	NULL	NULL	NULL	NULL
4385	IDR1600001649	S	S	S	S	NULL	NULL	NULL	NULL	NULL	NULL	NULL	S	NULL	NULL	NULL	NULL	NULL	NULL
4386	IDR1600001950	S	S	S	S	NULL	NULL	NULL	NULL	NULL	NULL	NULL	S	NULL	NULL	NULL	NULL	NULL	NULL
4387	IDR1600001953	S	S	S	S	NULL	NULL	NULL	NULL	NULL	NULL	NULL	S	NULL	NULL	NULL	NULL	NULL	NULL
4388	IDR1600002109	R	S	S	S	NULL	S	S	S	S	S	S	S	S	NULL	NULL	NULL	S	NULL
4389	IDR1600002325	S	S	S	S	NULL	NULL	NULL	NULL	NULL	NULL	NULL	S	NULL	NULL	NULL	NULL	NULL	NULL
4390	IDR1600002326	S	S	S	S	NULL	NULL	NULL	NULL	NULL	NULL	NULL	S	NULL	NULL	NULL	NULL	NULL	NULL
4391	IDR1600002328	S	S	S	R	NULL	NULL	NULL	NULL	NULL	NULL	NULL	S	NULL	NULL	NULL	NULL	NULL	NULL
4392	IDR1600003443	R	S	R	R	NULL	S	S	S	S	S	S	S	S	NULL	NULL	NULL	S	NULL
4393	IDR1600003497	S	S	S	S	NULL	NULL	NULL	NULL	NULL	NULL	NULL	S	NULL	NULL	NULL	NULL	NULL	NULL
4394	IDR1600003653	S	S	S	R	NULL	NULL	NULL	NULL	NULL	NULL	NULL	S	NULL	NULL	NULL	NULL	NULL	NULL
4395	IDR1600003708	S	S	S	S	NULL	NULL	NULL	NULL	NULL	NULL	NULL	S	NULL	NULL	NULL	NULL	NULL	NULL
4396	IDR1600003836	S	S	S	S	NULL	NULL	NULL	NULL	NULL	NULL	NULL	S	NULL	NULL	NULL	NULL	NULL	NULL
4397	IDR1600003837	S	S	S	S	NULL	NULL	NULL	NULL	NULL	NULL	NULL	S	NULL	NULL	NULL	NULL	NULL	NULL
4398	IDR1600004178	S	S	S	S	NULL	S	S	S	S	S	S	S	S	NULL	NULL	NULL	S	NULL
4399	IDR1600004382	S	S	S	S	NULL	NULL	NULL	NULL	NULL	NULL	NULL	S	NULL	NULL	NULL	NULL	NULL	NULL
4400	IDR1600004865	S	S	S	S	NULL	NULL	NULL	NULL	NULL	NULL	NULL	S	NULL	NULL	NULL	NULL	NULL	NULL
4401	IDR1600004867	S	S	S	S	NULL	NULL	NULL	NULL	NULL	NULL	NULL	S	NULL	NULL	NULL	NULL	NULL	NULL
4402	IDR1600005536	S	S	S	S	NULL	NULL	NULL	NULL	NULL	NULL	NULL	S	NULL	NULL	NULL	NULL	NULL	NULL
4403	IDR1600005538	S	S	S	S	NULL	NULL	NULL	NULL	NULL	NULL	NULL	S	NULL	NULL	NULL	NULL	NULL	NULL
4404	IDR1600005546	S	S	S	S	NULL	NULL	NULL	NULL	NULL	NULL	NULL	S	NULL	NULL	NULL	NULL	NULL	NULL
4405	IDR1600005548	S	S	S	S	NULL	NULL	NULL	NULL	NULL	NULL	NULL	S	NULL	NULL	NULL	NULL	NULL	NULL
4406	IDR1600005829	S	S	S	S	NULL	NULL	NULL	NULL	NULL	NULL	NULL	S	NULL	NULL	NULL	NULL	NULL	NULL
4407	IDR1600006792	S	S	S	S	NULL	NULL	NULL	NULL	NULL	NULL	NULL	S	NULL	NULL	NULL	NULL	NULL	NULL
4408	IDR1600007779	S	S	S	R	NULL	NULL	NULL	NULL	NULL	NULL	NULL	S	NULL	NULL	NULL	NULL	NULL	NULL
4409	IDR1600009864	S	S	S	S	NULL	NULL	NULL	NULL	NULL	NULL	NULL	S	NULL	NULL	NULL	NULL	NULL	NULL
4410	IDR1600009867	S	S	S	S	NULL	NULL	NULL	NULL	NULL	NULL	NULL	S	NULL	NULL	NULL	NULL	NULL	NULL
4411	IDR1600010492	S	S	S	S	NULL	NULL	NULL	NULL	NULL	NULL	NULL	S	NULL	NULL	NULL	NULL	NULL	NULL
4412	IDR1600010494	S	S	S	S	NULL	NULL	NULL	NULL	NULL	NULL	NULL	S	NULL	NULL	NULL	NULL	NULL	NULL
4413	IDR1600010936	R	S	S	S	NULL	S	S	S	S	S	S	S	S	NULL	NULL	NULL	S	NULL
4414	IDR1600011061	NULL	NULL	NULL	NULL	NULL	NULL	NULL	NULL	NULL	NULL	S	NULL	NULL	NULL	NULL	NULL	NULL	NULL
4415	IDR1600011801	S	S	S	S	NULL	NULL	NULL	NULL	NULL	NULL	NULL	S	NULL	NULL	NULL	NULL	NULL	NULL
4416	IDR1600012094	S	S	S	R	NULL	NULL	NULL	NULL	NULL	NULL	NULL	S	NULL	NULL	NULL	NULL	NULL	NULL
4417	IDR1600012207	S	S	S	S	NULL	NULL	NULL	NULL	NULL	NULL	NULL	S	NULL	NULL	NULL	NULL	NULL	NULL
4418	IDR1600012456	S	S	S	S	NULL	NULL	NULL	NULL	NULL	NULL	NULL	S	NULL	NULL	NULL	NULL	NULL	NULL
4419	IDR1600012753	S	S	S	S	NULL	NULL	NULL	NULL	NULL	NULL	NULL	S	NULL	NULL	NULL	NULL	NULL	NULL
4420	IDR1600012758	S	S	S	S	NULL	NULL	NULL	NULL	NULL	NULL	NULL	S	NULL	NULL	NULL	NULL	NULL	NULL
4421	IDR1600012759	S	S	S	S	NULL	NULL	NULL	NULL	NULL	NULL	NULL	S	NULL	NULL	NULL	NULL	NULL	NULL
4422	IDR1600012974	NULL	S	S	S	NULL	S	S	S	S	S	S	S	S	NULL	NULL	NULL	S	NULL
4423	IDR1600014124	S	S	S	S	NULL	NULL	NULL	NULL	NULL	NULL	NULL	S	NULL	NULL	NULL	NULL	NULL	NULL
4424	IDR1600014409	S	S	S	S	NULL	NULL	NULL	NULL	NULL	NULL	NULL	S	NULL	NULL	NULL	NULL	NULL	NULL
4425	IDR1600015259	S	S	S	S	NULL	NULL	NULL	NULL	NULL	NULL	NULL	R	NULL	NULL	NULL	NULL	NULL	NULL
4426	IDR1600015741	S	S	S	S	NULL	NULL	NULL	NULL	NULL	NULL	NULL	R	NULL	NULL	NULL	NULL	NULL	NULL
4427	IDR1600016611	S	S	S	S	NULL	NULL	NULL	NULL	NULL	NULL	NULL	S	NULL	NULL	NULL	NULL	NULL	NULL
4428	IDR1600016942	S	S	S	S	NULL	NULL	NULL	NULL	NULL	NULL	NULL	S	NULL	NULL	NULL	NULL	NULL	NULL
4429	IDR1600017091	S	S	S	S	NULL	NULL	NULL	NULL	NULL	NULL	NULL	R	NULL	NULL	NULL	NULL	NULL	NULL
4430	IDR1600017097	S	S	S	S	NULL	NULL	NULL	NULL	NULL	NULL	NULL	S	NULL	NULL	NULL	NULL	NULL	NULL
4431	IDR1600017137	R	S	S	S	NULL	S	S	S	S	S	S	S	S	NULL	NULL	NULL	S	NULL
4432	IDR1600017466	S	S	S	S	NULL	NULL	NULL	NULL	NULL	NULL	NULL	R	NULL	NULL	NULL	NULL	NULL	NULL
4433	IDR1600017477	S	S	S	S	NULL	NULL	NULL	NULL	NULL	NULL	NULL	S	NULL	NULL	NULL	NULL	NULL	NULL
4434	IDR1600017794	NULL	NULL	NULL	NULL	NULL	S	NULL	R	NULL	NULL	S	NULL	NULL	NULL	NULL	NULL	NULL	NULL
4435	IDR1600017905	S	S	S	S	NULL	NULL	NULL	NULL	NULL	NULL	NULL	S	NULL	NULL	NULL	NULL	NULL	NULL
4436	IDR1600017938	S	S	S	S	NULL	NULL	NULL	R	NULL	NULL	NULL	S	NULL	NULL	NULL	NULL	NULL	NULL
4437	IDR1600018162	S	S	S	S	NULL	NULL	NULL	NULL	NULL	NULL	NULL	S	NULL	NULL	NULL	NULL	NULL	NULL
4438	IDR1600018194	S	S	S	S	NULL	NULL	NULL	NULL	NULL	NULL	NULL	S	NULL	NULL	NULL	NULL	NULL	NULL
4439	IDR1600018197	S	S	S	S	NULL	NULL	NULL	NULL	NULL	NULL	NULL	S	NULL	NULL	NULL	NULL	NULL	NULL
4440	IDR1600018201	S	S	S	S	NULL	NULL	NULL	NULL	NULL	NULL	NULL	S	NULL	NULL	NULL	NULL	NULL	NULL
4441	IDR1600018864	S	S	S	S	NULL	NULL	NULL	NULL	NULL	NULL	NULL	S	NULL	NULL	NULL	NULL	NULL	NULL
4442	IDR1600019639	S	S	S	R	NULL	NULL	NULL	NULL	NULL	NULL	NULL	S	NULL	NULL	NULL	NULL	NULL	NULL
4443	IDR1600019640	S	S	S	S	NULL	NULL	NULL	NULL	NULL	NULL	NULL	S	NULL	NULL	NULL	NULL	NULL	NULL
4444	IDR1600019997	I	S	S	I	NULL	NULL	NULL	NULL	NULL	NULL	NULL	I	NULL	NULL	NULL	NULL	NULL	NULL
4445	IDR1600020177	S	S	S	S	NULL	NULL	NULL	NULL	NULL	NULL	NULL	S	NULL	NULL	NULL	NULL	NULL	NULL
4446	IDR1600020192	S	S	S	S	NULL	NULL	NULL	NULL	NULL	NULL	NULL	S	NULL	NULL	NULL	NULL	NULL	NULL
4447	IDR1600020523	S	S	S	S	NULL	NULL	NULL	NULL	NULL	NULL	NULL	I	NULL	NULL	NULL	NULL	NULL	NULL
4448	IDR1600020570	S	S	S	S	NULL	NULL	NULL	NULL	NULL	NULL	NULL	S	NULL	NULL	NULL	NULL	NULL	NULL
4449	IDR1600020737	S	S	S	S	NULL	NULL	NULL	NULL	NULL	NULL	NULL	S	NULL	NULL	NULL	NULL	NULL	NULL
4450	IDR1600020953	S	S	S	S	NULL	NULL	NULL	NULL	NULL	NULL	NULL	S	NULL	NULL	NULL	NULL	NULL	NULL
4451	IDR1600020957	S	S	S	S	NULL	NULL	NULL	NULL	NULL	NULL	NULL	S	NULL	NULL	NULL	NULL	NULL	NULL
4452	IDR1600021226	S	S	S	S	NULL	NULL	NULL	NULL	NULL	NULL	NULL	S	NULL	NULL	NULL	NULL	NULL	NULL
4453	IDR1600021320	S	S	S	S	NULL	NULL	NULL	NULL	NULL	NULL	NULL	S	NULL	NULL	NULL	NULL	NULL	NULL
4454	IDR1600021878	S	S	S	S	NULL	NULL	NULL	NULL	NULL	NULL	NULL	S	NULL	NULL	NULL	NULL	NULL	NULL
4455	IDR1600022106	NULL	S	S	S	NULL	S	S	I	S	S	S	S	S	NULL	NULL	NULL	S	NULL
4456	IDR1600022368	I	I	I	I	NULL	NULL	NULL	NULL	NULL	NULL	NULL	I	NULL	NULL	NULL	NULL	NULL	NULL
4457	IDR1600022505	S	S	S	S	NULL	NULL	NULL	NULL	NULL	NULL	NULL	S	NULL	NULL	NULL	NULL	NULL	NULL
4458	IDR1600022826	S	S	S	S	NULL	NULL	NULL	NULL	NULL	NULL	NULL	S	NULL	NULL	NULL	NULL	NULL	NULL
4459	IDR1600022827	S	S	S	S	NULL	NULL	NULL	NULL	NULL	NULL	NULL	S	NULL	NULL	NULL	NULL	NULL	NULL
4460	IDR1600022912	S	S	S	S	NULL	NULL	NULL	NULL	NULL	NULL	NULL	S	NULL	NULL	NULL	NULL	NULL	NULL
4461	IDR1600023111	S	S	S	S	NULL	NULL	NULL	NULL	NULL	NULL	NULL	S	NULL	NULL	NULL	NULL	NULL	NULL
4462	IDR1600023647	S	S	S	S	NULL	NULL	NULL	NULL	NULL	NULL	NULL	S	NULL	NULL	NULL	NULL	NULL	NULL
4463	IDR1600023714	S	S	S	S	NULL	NULL	NULL	NULL	NULL	NULL	NULL	S	NULL	NULL	NULL	NULL	NULL	NULL
4464	IDR1600023715	S	S	S	S	NULL	NULL	NULL	NULL	NULL	NULL	NULL	S	NULL	NULL	NULL	NULL	NULL	NULL
4465	IDR1600023875	S	S	S	S	NULL	NULL	NULL	NULL	NULL	NULL	NULL	S	NULL	NULL	NULL	NULL	NULL	NULL
4466	IDR1600024367	S	S	S	S	NULL	NULL	NULL	NULL	NULL	NULL	NULL	S	NULL	NULL	NULL	NULL	NULL	NULL
4467	IDR1600024547	NULL	S	S	S	NULL	S	S	R	S	S	S	S	S	NULL	NULL	NULL	S	NULL
4468	IDR1600025151	S	S	S	S	NULL	NULL	NULL	NULL	NULL	NULL	NULL	S	NULL	NULL	NULL	NULL	NULL	NULL
4469	IDR1600025154	S	S	S	S	NULL	NULL	NULL	NULL	NULL	NULL	NULL	S	NULL	NULL	NULL	NULL	NULL	NULL
4470	IDR1600025156	S	S	S	S	NULL	NULL	NULL	NULL	NULL	NULL	NULL	S	NULL	NULL	NULL	NULL	NULL	NULL
4471	IDR1600025158	S	S	S	S	NULL	NULL	NULL	NULL	NULL	NULL	NULL	S	NULL	NULL	NULL	NULL	NULL	NULL
4472	IDR1600025163	S	S	S	S	NULL	NULL	NULL	NULL	NULL	NULL	NULL	S	NULL	NULL	NULL	NULL	NULL	NULL
4473	IDR1600025428	S	S	S	S	NULL	NULL	NULL	NULL	NULL	NULL	NULL	S	NULL	NULL	NULL	NULL	NULL	NULL
4474	IDR1600025432	S	S	S	S	NULL	NULL	NULL	NULL	NULL	NULL	NULL	R	NULL	NULL	NULL	NULL	NULL	NULL
4475	IDR1600025436	S	S	S	S	NULL	NULL	NULL	NULL	NULL	NULL	NULL	S	NULL	NULL	NULL	NULL	NULL	NULL
4476	IDR1600025442	S	S	S	S	NULL	NULL	NULL	NULL	NULL	NULL	NULL	R	NULL	NULL	NULL	NULL	NULL	NULL
4477	IDR1600026227	S	S	S	S	NULL	NULL	NULL	NULL	NULL	NULL	NULL	S	NULL	NULL	NULL	NULL	NULL	NULL
4478	IDR1600026421	S	S	S	S	NULL	NULL	NULL	NULL	NULL	NULL	NULL	S	NULL	NULL	NULL	NULL	NULL	NULL
4479	IDR1600026642	S	S	S	S	NULL	NULL	NULL	NULL	NULL	NULL	NULL	S	NULL	NULL	NULL	NULL	NULL	NULL
4480	IDR1600026643	S	S	S	S	NULL	NULL	NULL	NULL	NULL	NULL	NULL	S	NULL	NULL	NULL	NULL	NULL	NULL
4481	IDR1600026645	S	S	S	S	NULL	NULL	NULL	NULL	NULL	NULL	NULL	S	NULL	NULL	NULL	NULL	NULL	NULL
4482	IDR1600026772	S	S	S	S	NULL	NULL	NULL	NULL	NULL	NULL	NULL	S	NULL	NULL	NULL	NULL	NULL	NULL
4483	IDR1600027139	R	R	R	R	NULL	S	S	R	R	S	S	R	R	NULL	NULL	NULL	R	NULL
4484	IDR1600027315	S	S	S	S	NULL	NULL	NULL	NULL	NULL	NULL	NULL	S	NULL	NULL	NULL	NULL	NULL	NULL
4485	IDR1600027328	R	S	S	I	NULL	S	S	S	S	S	S	S	S	NULL	NULL	NULL	S	NULL
4486	IDR1600027999	S	S	S	S	NULL	NULL	NULL	NULL	NULL	NULL	NULL	S	NULL	NULL	NULL	NULL	NULL	NULL
4487	IDR1600028000	S	S	S	S	NULL	NULL	NULL	NULL	NULL	NULL	NULL	S	NULL	NULL	NULL	NULL	NULL	NULL
4488	IDR1600028279	S	S	S	S	NULL	S	S	S	S	S	S	S	S	NULL	NULL	NULL	S	NULL
4489	IDR1600028520	S	S	S	S	NULL	NULL	NULL	NULL	NULL	NULL	NULL	S	NULL	NULL	NULL	NULL	NULL	NULL
4490	IDR1600028710	S	S	S	S	NULL	NULL	NULL	NULL	NULL	NULL	NULL	S	NULL	NULL	NULL	NULL	NULL	NULL
4491	IDR1600028711	S	S	S	S	NULL	NULL	NULL	NULL	NULL	NULL	NULL	S	NULL	NULL	NULL	NULL	NULL	NULL
4492	IDR1600028712	S	S	S	S	NULL	NULL	NULL	NULL	NULL	NULL	NULL	S	NULL	NULL	NULL	NULL	NULL	NULL
4493	IDR1600029540	S	S	S	S	NULL	NULL	NULL	NULL	NULL	NULL	NULL	S	NULL	NULL	NULL	NULL	NULL	NULL
4494	IDR1600029939	S	S	S	R	NULL	NULL	NULL	NULL	NULL	NULL	NULL	S	NULL	NULL	NULL	NULL	NULL	NULL
4495	IDR1600030763	S	S	S	S	NULL	NULL	NULL	NULL	NULL	NULL	NULL	S	NULL	NULL	NULL	NULL	NULL	NULL
4496	IDR1600031131	S	S	S	S	NULL	NULL	NULL	NULL	NULL	NULL	NULL	S	NULL	NULL	NULL	NULL	NULL	NULL
4497	IDR1600031132	S	S	S	S	NULL	NULL	NULL	NULL	NULL	NULL	NULL	I	NULL	NULL	NULL	NULL	NULL	NULL
4498	IDR1600031133	S	S	S	S	NULL	S	S	S	S	S	S	I	S	NULL	NULL	NULL	S	NULL
4499	IDR1600031529	S	S	S	S	NULL	NULL	NULL	NULL	NULL	NULL	NULL	S	NULL	NULL	NULL	NULL	NULL	NULL
4500	IDR1600031534	NULL	NULL	NULL	NULL	NULL	NULL	NULL	NULL	NULL	NULL	NULL	S	NULL	NULL	NULL	NULL	NULL	NULL
4501	IDR1600031875	S	S	S	S	NULL	NULL	NULL	NULL	NULL	NULL	NULL	S	NULL	NULL	NULL	NULL	NULL	NULL
4502	IDR1600032077	S	S	S	S	NULL	NULL	NULL	NULL	NULL	NULL	NULL	S	NULL	NULL	NULL	NULL	NULL	NULL
4503	IDR1600032078	S	S	S	S	NULL	S	S	S	S	R	S	S	S	NULL	NULL	NULL	S	NULL
4504	IDR1600032334	S	S	S	R	NULL	NULL	NULL	NULL	NULL	NULL	NULL	S	NULL	NULL	NULL	NULL	NULL	NULL
4505	IDR1600032721	S	S	S	S	NULL	NULL	NULL	NULL	NULL	NULL	NULL	S	NULL	NULL	NULL	NULL	NULL	NULL
4506	IDR1600033122	S	S	S	S	NULL	NULL	NULL	NULL	NULL	NULL	NULL	S	NULL	NULL	NULL	NULL	NULL	NULL
4507	IDR1600033123	S	S	S	S	NULL	NULL	NULL	NULL	NULL	NULL	NULL	S	NULL	NULL	NULL	NULL	NULL	NULL
4508	IDR1600033125	S	S	S	S	NULL	NULL	NULL	NULL	NULL	NULL	NULL	S	NULL	NULL	NULL	NULL	NULL	NULL
4509	IDR1600033693	R	S	R	S	NULL	NULL	NULL	NULL	NULL	I	NULL	S	NULL	NULL	NULL	NULL	NULL	NULL
4510	IDR1600034035	NULL	S	S	S	NULL	S	S	R	S	S	S	S	S	NULL	NULL	NULL	S	NULL
4511	IDR1600034314	S	S	S	S	NULL	NULL	NULL	NULL	NULL	NULL	NULL	S	NULL	NULL	NULL	NULL	NULL	NULL
4512	IDR1600034869	S	S	S	S	NULL	NULL	NULL	NULL	NULL	NULL	NULL	S	NULL	NULL	NULL	NULL	NULL	NULL
4513	IDR1600034870	S	S	S	S	NULL	NULL	NULL	NULL	NULL	NULL	NULL	S	NULL	NULL	NULL	NULL	NULL	NULL
4514	IDR1600035065	S	S	S	S	NULL	NULL	NULL	NULL	NULL	NULL	NULL	S	NULL	NULL	NULL	NULL	NULL	NULL
4515	IDR1600035086	S	S	S	S	NULL	NULL	NULL	NULL	NULL	NULL	NULL	S	NULL	NULL	NULL	NULL	NULL	NULL
4516	IDR1600035148	S	S	S	S	NULL	NULL	NULL	NULL	NULL	NULL	NULL	S	NULL	NULL	NULL	NULL	NULL	NULL
4517	IDR1600035227	S	S	S	S	NULL	NULL	NULL	NULL	NULL	NULL	NULL	S	NULL	NULL	NULL	NULL	NULL	NULL
4518	IDR1600035377	S	S	S	S	NULL	NULL	NULL	NULL	NULL	NULL	NULL	S	NULL	NULL	NULL	NULL	NULL	NULL
4519	IDR1600035835	S	S	S	S	NULL	NULL	NULL	NULL	NULL	NULL	NULL	S	NULL	NULL	NULL	NULL	NULL	NULL
4520	IDR1600035837	S	S	S	S	NULL	NULL	NULL	NULL	NULL	NULL	NULL	S	NULL	NULL	NULL	NULL	NULL	NULL
4521	IDR1600036511	S	S	S	S	NULL	NULL	NULL	NULL	NULL	NULL	NULL	S	NULL	NULL	NULL	NULL	NULL	NULL
4522	IDR1600036513	S	S	S	S	NULL	NULL	NULL	NULL	NULL	NULL	NULL	S	NULL	NULL	NULL	NULL	NULL	NULL
4523	IDR1600037085	NULL	S	S	S	NULL	NULL	NULL	R	NULL	NULL	NULL	S	NULL	NULL	NULL	NULL	NULL	NULL
4524	IDR1600037096	NULL	S	S	S	NULL	S	S	R	S	S	S	S	S	NULL	NULL	NULL	S	NULL
4525	IDR1600037099	S	S	S	S	NULL	NULL	NULL	NULL	NULL	NULL	NULL	S	NULL	NULL	NULL	NULL	NULL	NULL
4526	IDR1600037187	S	S	S	R	NULL	NULL	NULL	NULL	NULL	NULL	NULL	S	NULL	NULL	NULL	NULL	NULL	NULL
4527	IDR1600037413	S	S	S	S	NULL	NULL	NULL	NULL	NULL	NULL	NULL	S	NULL	NULL	NULL	NULL	NULL	NULL
4528	IDR1600037626	S	S	S	S	NULL	NULL	NULL	NULL	NULL	NULL	NULL	S	NULL	NULL	NULL	NULL	NULL	NULL
4529	IDR1600037628	S	S	S	S	NULL	NULL	NULL	NULL	NULL	NULL	NULL	S	NULL	NULL	NULL	NULL	NULL	NULL
4530	IDR1600037632	S	S	S	S	NULL	NULL	NULL	NULL	NULL	NULL	NULL	S	NULL	NULL	NULL	NULL	NULL	NULL
4531	IDR1600037777	S	S	S	S	NULL	NULL	NULL	NULL	NULL	NULL	NULL	S	NULL	NULL	NULL	NULL	NULL	NULL
4532	IDR1600037778	S	S	S	S	NULL	NULL	NULL	NULL	NULL	NULL	NULL	S	NULL	NULL	NULL	NULL	NULL	NULL
4533	IDR1600038976	S	S	S	S	NULL	NULL	NULL	NULL	NULL	NULL	NULL	S	NULL	NULL	NULL	NULL	NULL	NULL
4534	IDR1600039182	S	S	S	S	NULL	NULL	NULL	NULL	NULL	NULL	NULL	S	NULL	NULL	NULL	NULL	NULL	NULL
4535	IDR1600039184	S	S	S	R	NULL	NULL	NULL	NULL	NULL	NULL	NULL	S	NULL	NULL	NULL	NULL	NULL	NULL
4536	IDR1600039759	S	S	S	S	NULL	NULL	NULL	NULL	NULL	NULL	NULL	S	NULL	NULL	NULL	NULL	NULL	NULL
4537	IDR1600039956	S	S	S	S	NULL	NULL	NULL	NULL	NULL	NULL	NULL	S	NULL	NULL	NULL	NULL	NULL	NULL
4538	IDR1600039993	S	S	S	S	NULL	NULL	NULL	NULL	NULL	NULL	NULL	S	NULL	NULL	NULL	NULL	NULL	NULL
4539	IDR1600040178	S	S	S	S	NULL	NULL	NULL	NULL	NULL	NULL	NULL	S	NULL	NULL	NULL	NULL	NULL	NULL
4540	IDR1600040333	S	S	S	S	NULL	NULL	NULL	NULL	NULL	NULL	NULL	S	NULL	NULL	NULL	NULL	NULL	NULL
4541	IDR1600040334	S	S	S	S	NULL	NULL	NULL	NULL	NULL	R	NULL	S	NULL	NULL	NULL	NULL	NULL	NULL
4542	IDR1600040335	S	S	S	S	NULL	NULL	NULL	NULL	NULL	NULL	NULL	S	NULL	NULL	NULL	NULL	NULL	NULL
4543	IDR1600040948	R	S	S	S	NULL	S	S	S	S	S	S	S	S	NULL	NULL	NULL	S	NULL
4544	IDR1600041271	S	S	S	R	NULL	NULL	NULL	NULL	NULL	NULL	NULL	S	NULL	NULL	NULL	NULL	NULL	NULL
4545	IDR1600041577	S	S	S	S	NULL	NULL	NULL	NULL	NULL	NULL	NULL	S	NULL	NULL	NULL	NULL	NULL	NULL
4546	IDR1600041578	S	S	S	S	NULL	NULL	NULL	NULL	NULL	NULL	NULL	S	NULL	NULL	NULL	NULL	NULL	NULL
4547	IDR1600041579	S	S	S	S	NULL	NULL	NULL	NULL	NULL	NULL	NULL	S	NULL	NULL	NULL	NULL	NULL	NULL
4548	IDR1600041936	S	S	S	S	NULL	NULL	NULL	NULL	NULL	NULL	NULL	S	NULL	NULL	NULL	NULL	NULL	NULL
4549	IDR1600041998	NULL	S	S	R	NULL	S	S	R	S	S	S	S	S	NULL	NULL	NULL	S	NULL
4550	IDR1600042261	S	S	S	S	NULL	NULL	NULL	NULL	NULL	NULL	NULL	S	NULL	NULL	NULL	NULL	NULL	NULL
4551	IDR1600044034	S	S	S	S	NULL	NULL	NULL	NULL	NULL	NULL	NULL	S	NULL	NULL	NULL	NULL	NULL	NULL
4552	IDR1600044037	S	S	S	S	NULL	NULL	NULL	NULL	NULL	NULL	NULL	S	NULL	NULL	NULL	NULL	NULL	NULL
4553	IDR1600044038	S	S	S	S	NULL	NULL	NULL	NULL	NULL	NULL	NULL	S	NULL	NULL	NULL	NULL	NULL	NULL
4554	IDR1600044262	R	R	R	R	NULL	S	S	R	S	R	S	NULL	S	NULL	NULL	NULL	S	NULL
4555	IDR1600044280	S	S	S	S	NULL	NULL	NULL	NULL	NULL	NULL	NULL	S	NULL	NULL	NULL	NULL	NULL	NULL
4556	IDR1600044301	S	S	S	S	NULL	NULL	NULL	NULL	NULL	NULL	NULL	S	NULL	NULL	NULL	NULL	NULL	NULL
4557	IDR1600044954	S	S	S	S	NULL	NULL	NULL	NULL	NULL	NULL	NULL	S	NULL	NULL	NULL	NULL	NULL	NULL
4558	IDR1600044955	S	S	S	S	NULL	NULL	NULL	NULL	NULL	NULL	NULL	S	NULL	NULL	NULL	NULL	NULL	NULL
4559	IDR1600045481	S	S	S	S	NULL	S	S	S	S	S	S	S	S	NULL	NULL	NULL	S	NULL
4560	IDR1600045994	S	S	S	S	NULL	NULL	NULL	NULL	NULL	NULL	NULL	I	NULL	NULL	NULL	NULL	NULL	NULL
4561	IDR1600046643	S	S	S	S	NULL	NULL	NULL	NULL	NULL	NULL	NULL	S	NULL	NULL	NULL	NULL	NULL	NULL
4562	IDR1600046655	S	S	S	S	NULL	NULL	NULL	NULL	NULL	NULL	NULL	S	NULL	NULL	NULL	NULL	NULL	NULL
4563	IDR1600047135	S	S	S	S	NULL	NULL	NULL	NULL	NULL	NULL	NULL	I	NULL	NULL	NULL	NULL	NULL	NULL
4564	IDR1600047584	NULL	S	S	S	NULL	NULL	NULL	R	NULL	NULL	NULL	S	NULL	NULL	NULL	NULL	NULL	NULL
4565	IDR1600047649	S	S	S	S	NULL	S	S	S	S	S	S	S	S	NULL	NULL	NULL	S	NULL
4566	IDR1600048331	S	S	S	S	NULL	NULL	NULL	NULL	NULL	NULL	NULL	S	NULL	NULL	NULL	NULL	NULL	NULL
4567	IDR1600048388	R	S	S	R	NULL	S	S	S	S	S	S	S	S	NULL	NULL	NULL	S	NULL
4568	IDR1600048617	S	S	S	S	NULL	NULL	NULL	NULL	NULL	NULL	NULL	S	NULL	NULL	NULL	NULL	NULL	NULL
4569	IDR1600048627	S	S	S	S	NULL	NULL	NULL	NULL	NULL	NULL	NULL	S	NULL	NULL	NULL	NULL	NULL	NULL
4570	IDR1600048632	NULL	NULL	NULL	NULL	NULL	NULL	NULL	NULL	NULL	NULL	NULL	S	NULL	NULL	NULL	NULL	NULL	NULL
4571	IDR1600049248	S	S	S	S	NULL	NULL	NULL	NULL	NULL	NULL	NULL	S	NULL	NULL	NULL	NULL	NULL	NULL
4572	IDR1600049307	S	S	S	S	NULL	NULL	NULL	NULL	NULL	NULL	NULL	S	NULL	NULL	NULL	NULL	NULL	NULL
4573	IDR1600049674	S	S	S	S	NULL	NULL	NULL	NULL	NULL	NULL	NULL	S	NULL	NULL	NULL	NULL	NULL	NULL
4574	IDR1600049832	S	S	S	S	NULL	NULL	NULL	NULL	NULL	NULL	NULL	S	NULL	NULL	NULL	NULL	NULL	NULL
4575	IDR1600050506	R	R	S	R	NULL	NULL	NULL	NULL	NULL	NULL	NULL	R	NULL	NULL	NULL	NULL	NULL	NULL
4576	IDR1600050510	R	S	S	S	NULL	S	S	S	S	R	S	S	S	NULL	NULL	NULL	S	NULL
4577	IDR1600051430	S	S	S	S	NULL	NULL	NULL	NULL	NULL	NULL	NULL	S	NULL	NULL	NULL	NULL	NULL	NULL
4578	IDR1600051431	S	S	S	S	NULL	NULL	NULL	NULL	NULL	NULL	NULL	S	NULL	NULL	NULL	NULL	NULL	NULL
4579	IDR1600051546	R	S	S	R	NULL	S	S	S	S	S	S	S	S	NULL	NULL	NULL	S	NULL
4580	IDR1600052366	S	S	S	S	NULL	NULL	NULL	NULL	NULL	NULL	NULL	S	NULL	NULL	NULL	NULL	NULL	NULL
4581	IDR1600052651	S	S	S	S	NULL	NULL	NULL	NULL	NULL	NULL	NULL	I	NULL	NULL	NULL	NULL	NULL	NULL
4582	IDR1600052673	S	S	S	S	NULL	NULL	NULL	NULL	NULL	NULL	NULL	S	NULL	NULL	NULL	NULL	NULL	NULL
4583	IDR1600053030	S	S	S	S	NULL	NULL	NULL	NULL	NULL	NULL	NULL	S	NULL	NULL	NULL	NULL	NULL	NULL
4584	IDR1600053034	S	S	S	S	NULL	NULL	NULL	NULL	NULL	NULL	NULL	S	NULL	NULL	NULL	NULL	NULL	NULL
4585	IDR1600053042	S	S	S	S	NULL	NULL	NULL	NULL	NULL	NULL	NULL	S	NULL	NULL	NULL	NULL	NULL	NULL
4586	IDR1600053044	S	S	S	S	NULL	NULL	NULL	NULL	NULL	NULL	NULL	S	NULL	NULL	NULL	NULL	NULL	NULL
4587	IDR1600053046	S	S	S	S	NULL	NULL	NULL	NULL	NULL	NULL	NULL	S	NULL	NULL	NULL	NULL	NULL	NULL
4588	IDR1600053047	NULL	S	S	S	NULL	S	S	R	S	S	S	S	S	NULL	NULL	NULL	S	NULL
4589	IDR1600053446	S	S	S	S	NULL	NULL	NULL	NULL	NULL	NULL	NULL	S	NULL	NULL	NULL	NULL	NULL	NULL
4590	IDR1600053447	S	S	S	R	NULL	NULL	NULL	NULL	NULL	NULL	NULL	S	NULL	NULL	NULL	NULL	NULL	NULL
4591	IDR1600053449	S	S	S	S	NULL	NULL	NULL	NULL	NULL	NULL	NULL	S	NULL	NULL	NULL	NULL	NULL	NULL
4592	IDR1600054127	R	S	S	S	NULL	NULL	NULL	NULL	NULL	NULL	NULL	S	NULL	NULL	NULL	NULL	NULL	NULL
4593	IDR1600054129	S	S	S	S	NULL	NULL	NULL	NULL	NULL	NULL	NULL	S	NULL	NULL	NULL	NULL	NULL	NULL
4594	IDR1600054265	S	S	S	S	NULL	NULL	NULL	NULL	NULL	NULL	NULL	S	NULL	NULL	NULL	NULL	NULL	NULL
4595	IDR1600055023	S	S	S	S	NULL	NULL	NULL	NULL	NULL	NULL	NULL	S	NULL	NULL	NULL	NULL	NULL	NULL
4596	IDR1600055074	I	S	S	S	NULL	NULL	NULL	NULL	NULL	NULL	NULL	I	NULL	NULL	NULL	NULL	NULL	NULL
4597	IDR1600055075	S	S	S	S	NULL	NULL	NULL	NULL	NULL	NULL	NULL	R	NULL	NULL	NULL	NULL	NULL	NULL
4598	IDR1600055553	R	R	R	R	NULL	S	R	R	R	S	S	NULL	R	NULL	NULL	NULL	R	NULL
4599	IDR1600055748	NULL	S	S	R	NULL	S	S	R	S	S	S	S	S	NULL	NULL	NULL	S	NULL
4600	IDR1600055996	I	S	I	I	NULL	NULL	NULL	NULL	NULL	NULL	NULL	S	NULL	NULL	NULL	NULL	NULL	NULL
4601	IDR1600055997	R	S	S	S	NULL	S	S	S	S	S	S	S	S	NULL	NULL	NULL	S	NULL
4602	IDR1600056424	S	S	S	S	NULL	NULL	NULL	NULL	NULL	NULL	NULL	I	NULL	NULL	NULL	NULL	NULL	NULL
4603	IDR1600057520	R	S	S	S	NULL	S	S	R	S	S	S	S	S	NULL	NULL	NULL	S	NULL
4604	IDR1600057546	S	S	S	S	NULL	NULL	NULL	NULL	NULL	NULL	NULL	S	NULL	NULL	NULL	NULL	NULL	NULL
4605	IDR1600058060	S	S	S	S	NULL	NULL	NULL	NULL	NULL	NULL	NULL	S	NULL	NULL	NULL	NULL	NULL	NULL
4606	IDR1600058226	S	S	S	S	NULL	NULL	NULL	NULL	NULL	NULL	NULL	S	NULL	NULL	NULL	NULL	NULL	NULL
4607	IDR1600058228	S	S	S	S	NULL	NULL	NULL	NULL	NULL	NULL	NULL	S	NULL	NULL	NULL	NULL	NULL	NULL
4608	IDR1600058231	NULL	NULL	NULL	NULL	NULL	NULL	NULL	NULL	NULL	NULL	NULL	S	NULL	NULL	NULL	NULL	NULL	NULL
4609	IDR1600058695	S	S	S	S	NULL	NULL	NULL	NULL	NULL	NULL	NULL	I	NULL	NULL	NULL	NULL	NULL	NULL
4610	IDR1600058701	S	S	S	R	NULL	NULL	NULL	NULL	NULL	NULL	NULL	S	NULL	NULL	NULL	NULL	NULL	NULL
4611	SRR057510	S	S	S	S	NULL	NULL	NULL	NULL	NULL	NULL	NULL	NULL	NULL	NULL	NULL	NULL	NULL	NULL
4612	SRR057595	S	S	S	S	NULL	NULL	NULL	NULL	NULL	NULL	NULL	S	NULL	NULL	NULL	NULL	NULL	NULL
4613	SRR057610	S	S	S	S	NULL	NULL	NULL	NULL	NULL	NULL	NULL	S	NULL	NULL	NULL	NULL	NULL	NULL
4614	SRR057619	S	S	S	S	NULL	NULL	NULL	NULL	NULL	NULL	NULL	S	NULL	NULL	NULL	NULL	NULL	NULL
4615	SRR057734	S	S	S	S	NULL	NULL	NULL	NULL	NULL	NULL	NULL	S	NULL	NULL	NULL	NULL	NULL	NULL
4616	SRR057768	S	S	S	S	NULL	NULL	NULL	NULL	NULL	NULL	NULL	S	NULL	NULL	NULL	NULL	NULL	NULL
4617	SRR057770	S	S	S	S	NULL	NULL	NULL	NULL	NULL	NULL	NULL	S	NULL	NULL	NULL	NULL	NULL	NULL
4618	SRR057771	S	S	S	S	NULL	NULL	NULL	NULL	NULL	NULL	NULL	S	NULL	NULL	NULL	NULL	NULL	NULL
4619	SRR058116	S	S	S	S	NULL	NULL	NULL	NULL	NULL	NULL	NULL	S	NULL	NULL	NULL	NULL	NULL	NULL
4620	SRR058369	S	S	S	S	NULL	NULL	NULL	NULL	NULL	NULL	NULL	S	NULL	NULL	NULL	NULL	NULL	NULL
4621	SRR058370	S	S	S	S	NULL	NULL	NULL	NULL	NULL	NULL	NULL	S	NULL	NULL	NULL	NULL	NULL	NULL
4622	SRR058371	S	S	S	S	NULL	NULL	NULL	NULL	NULL	NULL	NULL	S	NULL	NULL	NULL	NULL	NULL	NULL
4623	SRR058372	S	S	S	S	NULL	NULL	NULL	NULL	NULL	NULL	NULL	S	NULL	NULL	NULL	NULL	NULL	NULL
4624	SRR058373	S	S	S	S	NULL	NULL	NULL	NULL	NULL	NULL	NULL	S	NULL	NULL	NULL	NULL	NULL	NULL
4625	SRR058377	S	S	S	S	NULL	NULL	NULL	NULL	NULL	NULL	NULL	S	NULL	NULL	NULL	NULL	NULL	NULL
4626	SRR058399	S	S	S	S	NULL	NULL	NULL	NULL	NULL	NULL	NULL	S	NULL	NULL	NULL	NULL	NULL	NULL
4627	SRR058417	S	S	S	S	NULL	NULL	NULL	NULL	NULL	NULL	NULL	S	NULL	NULL	NULL	NULL	NULL	NULL
4628	SRR2467267	R	R	S	NULL	S	NULL	S	NULL	S	S	NULL	S	S	S	NULL	NULL	NULL	NULL
4629	SRR2467268	R	S	S	NULL	S	NULL	NULL	NULL	NULL	NULL	NULL	NULL	NULL	NULL	NULL	NULL	NULL	NULL
4630	SRR2467269	S	S	S	NULL	NULL	NULL	NULL	NULL	NULL	NULL	NULL	S	NULL	NULL	NULL	NULL	NULL	NULL
4631	SRR4033108	S	S	S	S	NULL	NULL	S	S	S	S	NULL	NULL	NULL	NULL	NULL	NULL	NULL	NULL
4632	SRR4034736	S	S	S	S	NULL	NULL	S	S	S	S	NULL	NULL	NULL	NULL	NULL	NULL	NULL	NULL
4633	SRR4037825	S	S	S	S	NULL	NULL	S	S	S	S	NULL	NULL	NULL	NULL	NULL	NULL	NULL	NULL
4635	SRR671719	R	R	R	S	NULL	NULL	S	NULL	S	S	NULL	NULL	NULL	NULL	NULL	NULL	NULL	NULL
4636	SRR671720	R	R	R	R	NULL	NULL	S	NULL	S	S	NULL	NULL	NULL	NULL	NULL	NULL	NULL	NULL
4637	SRR671721	R	R	R	R	NULL	NULL	S	NULL	S	S	NULL	NULL	NULL	NULL	NULL	NULL	NULL	NULL
4638	SRR671722	R	R	S	R	NULL	NULL	S	NULL	S	S	NULL	NULL	NULL	NULL	NULL	NULL	NULL	NULL
4639	SRR671723	S	S	S	S	NULL	NULL	S	S	S	S	NULL	NULL	NULL	NULL	NULL	NULL	NULL	NULL
4640	SRR671724	R	R	R	S	NULL	NULL	S	NULL	S	R	NULL	NULL	NULL	NULL	NULL	NULL	NULL	NULL
4641	SRR671725	R	R	R	R	NULL	NULL	R	S	R	R	NULL	NULL	NULL	NULL	NULL	NULL	NULL	NULL
4642	SRR671726	R	R	R	S	NULL	NULL	R	S	R	R	NULL	NULL	NULL	NULL	NULL	NULL	NULL	NULL
4643	SRR671727	R	R	S	R	NULL	NULL	S	S	S	S	NULL	NULL	NULL	NULL	NULL	NULL	NULL	NULL
4644	SRR671728	R	R	R	S	NULL	NULL	S	S	S	S	NULL	NULL	NULL	NULL	NULL	NULL	NULL	NULL
4645	SRR671729	S	S	S	S	NULL	NULL	S	S	S	S	NULL	NULL	NULL	NULL	NULL	NULL	NULL	NULL
4646	SRR671730	S	S	S	S	NULL	NULL	S	S	S	S	NULL	NULL	NULL	NULL	NULL	NULL	NULL	NULL
4647	SRR671731	R	R	S	R	NULL	NULL	S	S	S	S	NULL	NULL	NULL	NULL	NULL	NULL	NULL	NULL
4648	SRR671732	R	R	R	S	NULL	NULL	S	S	S	S	NULL	NULL	NULL	NULL	NULL	NULL	NULL	NULL
4649	SRR671733	R	R	S	R	NULL	NULL	S	S	S	S	NULL	NULL	NULL	NULL	NULL	NULL	NULL	NULL
4650	SRR671734	R	R	S	R	NULL	NULL	S	S	S	S	NULL	NULL	NULL	NULL	NULL	NULL	NULL	NULL
4651	SRR671735	R	R	S	S	NULL	NULL	S	R	S	S	NULL	NULL	NULL	NULL	NULL	NULL	NULL	NULL
4652	SRR671736	R	R	S	R	NULL	NULL	S	R	S	S	NULL	NULL	NULL	NULL	NULL	NULL	NULL	NULL
4653	SRR671737	R	R	R	S	NULL	NULL	S	S	S	S	NULL	NULL	NULL	NULL	NULL	NULL	NULL	NULL
4654	SRR671738	R	R	S	R	NULL	NULL	S	S	S	S	NULL	NULL	NULL	NULL	NULL	NULL	NULL	NULL
4655	SRR671739	R	R	R	R	NULL	NULL	S	S	S	S	NULL	NULL	NULL	NULL	NULL	NULL	NULL	NULL
4656	SRR671740	R	R	S	S	NULL	NULL	S	S	R	R	NULL	NULL	NULL	NULL	NULL	NULL	NULL	NULL
4657	SRR671741	S	S	S	S	NULL	NULL	S	S	S	S	NULL	NULL	NULL	NULL	NULL	NULL	NULL	NULL
4658	SRR671742	R	R	S	R	NULL	NULL	S	S	S	S	NULL	NULL	NULL	NULL	NULL	NULL	NULL	NULL
4659	SRR671743	R	R	S	S	NULL	NULL	S	R	S	S	NULL	NULL	NULL	NULL	NULL	NULL	NULL	NULL
4660	SRR671744	R	R	S	R	NULL	NULL	R	R	R	S	NULL	NULL	NULL	NULL	NULL	NULL	NULL	NULL
4661	SRR671745	R	R	S	R	NULL	NULL	S	S	S	S	NULL	NULL	NULL	NULL	NULL	NULL	NULL	NULL
4662	SRR671746	R	R	S	R	NULL	NULL	S	S	S	S	NULL	NULL	NULL	NULL	NULL	NULL	NULL	NULL
4663	SRR671747	S	S	S	S	NULL	NULL	S	S	S	S	NULL	NULL	NULL	NULL	NULL	NULL	NULL	NULL
4664	SRR671748	R	R	R	R	NULL	NULL	S	S	S	S	NULL	NULL	NULL	NULL	NULL	NULL	NULL	NULL
4665	SRR671749	R	R	S	S	NULL	NULL	S	S	S	S	NULL	NULL	NULL	NULL	NULL	NULL	NULL	NULL
4666	SRR671750	R	R	S	S	NULL	NULL	S	S	S	R	NULL	NULL	NULL	NULL	NULL	NULL	NULL	NULL
4667	SRR671751	R	R	R	R	NULL	NULL	S	R	S	R	NULL	NULL	NULL	NULL	NULL	NULL	NULL	NULL
4668	SRR671752	R	R	S	R	NULL	NULL	S	S	S	S	NULL	NULL	NULL	NULL	NULL	NULL	NULL	NULL
4669	SRR671753	R	R	S	R	NULL	NULL	S	S	S	S	NULL	NULL	NULL	NULL	NULL	NULL	NULL	NULL
4670	SRR671754	R	R	R	S	NULL	NULL	S	S	S	R	NULL	NULL	NULL	NULL	NULL	NULL	NULL	NULL
4671	SRR671755	R	R	S	S	NULL	NULL	S	S	S	R	NULL	NULL	NULL	NULL	NULL	NULL	NULL	NULL
4672	SRR671756	R	R	R	R	NULL	NULL	S	R	S	R	NULL	NULL	NULL	NULL	NULL	NULL	NULL	NULL
4673	SRR671757	R	R	S	S	NULL	NULL	S	R	S	S	NULL	NULL	NULL	NULL	NULL	NULL	NULL	NULL
4674	SRR671758	R	R	S	R	NULL	NULL	R	R	R	S	NULL	NULL	NULL	NULL	NULL	NULL	NULL	NULL
4675	SRR671759	R	R	R	R	NULL	NULL	S	R	R	R	NULL	NULL	NULL	NULL	NULL	NULL	NULL	NULL
4676	SRR671760	R	R	S	R	NULL	NULL	S	R	R	R	NULL	NULL	NULL	NULL	NULL	NULL	NULL	NULL
4677	SRR671761	R	R	R	R	NULL	NULL	R	R	R	R	NULL	NULL	NULL	NULL	NULL	NULL	NULL	NULL
4678	SRR671762	S	S	S	S	NULL	NULL	S	S	S	S	NULL	NULL	NULL	NULL	NULL	NULL	NULL	NULL
4679	SRR671763	S	S	S	S	NULL	NULL	S	S	S	S	NULL	NULL	NULL	NULL	NULL	NULL	NULL	NULL
4680	SRR671764	S	S	S	S	NULL	NULL	S	S	S	S	NULL	NULL	NULL	NULL	NULL	NULL	NULL	NULL
4681	SRR671765	R	R	R	S	NULL	NULL	S	S	S	S	NULL	NULL	NULL	NULL	NULL	NULL	NULL	NULL
4682	SRR671766	R	R	R	R	NULL	NULL	S	S	S	S	NULL	NULL	NULL	NULL	NULL	NULL	NULL	NULL
4683	SRR671767	R	R	R	S	NULL	NULL	S	S	S	S	NULL	NULL	NULL	NULL	NULL	NULL	NULL	NULL
4684	SRR671768	R	R	S	S	NULL	NULL	S	S	S	S	NULL	NULL	NULL	NULL	NULL	NULL	NULL	NULL
4685	SRR671769	R	R	R	R	NULL	NULL	S	S	S	R	NULL	NULL	NULL	NULL	NULL	NULL	NULL	NULL
4686	SRR671770	R	R	R	R	NULL	NULL	S	S	S	R	NULL	NULL	NULL	NULL	NULL	NULL	NULL	NULL
4687	SRR671771	R	R	R	R	NULL	NULL	S	S	S	S	NULL	NULL	NULL	NULL	NULL	NULL	NULL	NULL
4688	SRR671772	R	R	R	R	NULL	NULL	R	S	S	S	NULL	NULL	NULL	NULL	NULL	NULL	NULL	NULL
4689	SRR671773	S	S	S	S	NULL	NULL	S	S	S	S	NULL	NULL	NULL	NULL	NULL	NULL	NULL	NULL
4690	SRR671774	R	R	S	R	NULL	NULL	S	S	S	S	NULL	NULL	NULL	NULL	NULL	NULL	NULL	NULL
4691	SRR671776	S	S	S	S	NULL	NULL	NULL	NULL	NULL	NULL	NULL	NULL	NULL	NULL	NULL	NULL	NULL	NULL
4692	SRR671777	S	S	S	S	NULL	NULL	NULL	NULL	NULL	NULL	NULL	NULL	NULL	NULL	NULL	NULL	NULL	NULL
4693	SRR671779	R	R	S	R	NULL	NULL	R	NULL	NULL	R	NULL	NULL	NULL	NULL	NULL	NULL	NULL	NULL
4694	SRR671780	R	R	S	R	NULL	NULL	R	NULL	NULL	R	NULL	NULL	NULL	NULL	NULL	NULL	NULL	NULL
4695	SRR671781	R	R	R	R	NULL	NULL	S	R	S	R	NULL	NULL	NULL	NULL	NULL	NULL	NULL	NULL
4696	SRR671782	R	R	R	R	NULL	NULL	R	S	R	R	NULL	NULL	NULL	NULL	NULL	NULL	NULL	NULL
4697	SRR671783	R	R	R	R	NULL	NULL	R	S	NULL	R	NULL	NULL	NULL	NULL	NULL	NULL	NULL	NULL
4698	SRR671784	R	R	S	S	NULL	NULL	S	R	S	R	NULL	NULL	NULL	NULL	NULL	NULL	NULL	NULL
4699	SRR671785	R	R	R	R	NULL	NULL	S	R	R	R	NULL	NULL	NULL	NULL	NULL	NULL	NULL	NULL
4700	SRR671786	S	S	S	S	NULL	NULL	S	S	S	S	NULL	NULL	NULL	NULL	NULL	NULL	NULL	NULL
4701	SRR671787	R	R	R	R	NULL	NULL	S	R	S	R	NULL	NULL	NULL	NULL	NULL	NULL	NULL	NULL
4702	SRR671788	S	S	S	S	NULL	NULL	S	S	S	S	NULL	NULL	NULL	NULL	NULL	NULL	NULL	NULL
4703	SRR671789	R	R	S	R	NULL	NULL	S	S	S	R	NULL	NULL	NULL	NULL	NULL	NULL	NULL	NULL
4704	SRR671790	R	R	R	S	NULL	NULL	S	S	S	R	NULL	NULL	NULL	NULL	NULL	NULL	NULL	NULL
4705	SRR671791	R	R	S	R	NULL	NULL	S	R	S	R	NULL	NULL	NULL	NULL	NULL	NULL	NULL	NULL
4706	SRR671792	S	S	S	S	NULL	NULL	S	S	S	S	NULL	NULL	NULL	NULL	NULL	NULL	NULL	NULL
4707	SRR671793	S	S	S	S	NULL	NULL	S	S	S	S	NULL	NULL	NULL	NULL	NULL	NULL	NULL	NULL
4708	SRR671794	R	R	R	R	NULL	NULL	R	R	R	R	NULL	NULL	NULL	NULL	NULL	NULL	NULL	NULL
4709	SRR671795	R	R	S	R	NULL	NULL	S	S	S	S	NULL	NULL	NULL	NULL	NULL	NULL	NULL	NULL
4710	SRR671796	R	R	R	R	NULL	NULL	S	R	S	R	NULL	NULL	NULL	NULL	NULL	NULL	NULL	NULL
4711	SRR671797	R	R	R	R	NULL	NULL	S	R	S	R	NULL	NULL	NULL	NULL	NULL	NULL	NULL	NULL
4712	SRR671798	R	R	S	R	NULL	NULL	S	S	S	S	NULL	NULL	NULL	NULL	NULL	NULL	NULL	NULL
4713	SRR671799	R	R	R	R	NULL	NULL	R	R	R	R	NULL	NULL	NULL	NULL	NULL	NULL	NULL	NULL
4714	SRR671800	S	S	S	S	NULL	NULL	S	S	S	S	NULL	NULL	NULL	NULL	NULL	NULL	NULL	NULL
4715	SRR671801	R	R	S	R	NULL	NULL	S	S	S	R	NULL	NULL	NULL	NULL	NULL	NULL	NULL	NULL
4716	SRR671802	S	S	S	S	NULL	NULL	S	S	S	S	NULL	NULL	NULL	NULL	NULL	NULL	NULL	NULL
4717	SRR671803	S	S	S	S	NULL	NULL	S	S	S	S	NULL	NULL	NULL	NULL	NULL	NULL	NULL	NULL
4718	SRR671804	R	R	R	R	NULL	NULL	S	S	S	R	NULL	NULL	NULL	NULL	NULL	NULL	NULL	NULL
4719	SRR671805	S	S	S	S	NULL	NULL	S	S	S	S	NULL	NULL	NULL	NULL	NULL	NULL	NULL	NULL
4720	SRR671806	R	R	R	R	NULL	NULL	S	S	S	S	NULL	NULL	NULL	NULL	NULL	NULL	NULL	NULL
4721	SRR671807	R	R	R	R	NULL	NULL	R	S	R	R	NULL	NULL	NULL	NULL	NULL	NULL	NULL	NULL
4722	SRR671808	S	S	S	S	NULL	NULL	S	S	S	S	NULL	NULL	NULL	NULL	NULL	NULL	NULL	NULL
4723	SRR671809	R	R	R	R	NULL	NULL	S	S	S	S	NULL	NULL	NULL	NULL	NULL	NULL	NULL	NULL
4724	SRR671810	R	R	R	R	NULL	NULL	S	S	R	R	NULL	NULL	NULL	NULL	NULL	NULL	NULL	NULL
4725	SRR671811	R	R	R	R	NULL	NULL	R	R	S	R	NULL	NULL	NULL	NULL	NULL	NULL	NULL	NULL
4726	SRR671812	R	R	S	R	NULL	NULL	S	R	S	R	NULL	NULL	NULL	NULL	NULL	NULL	NULL	NULL
4727	SRR671813	R	R	R	R	NULL	NULL	S	R	S	R	NULL	NULL	NULL	NULL	NULL	NULL	NULL	NULL
4728	SRR671814	S	S	S	S	NULL	NULL	S	S	S	S	NULL	NULL	NULL	NULL	NULL	NULL	NULL	NULL
4729	SRR671815	R	R	R	R	NULL	NULL	R	R	R	R	NULL	NULL	NULL	NULL	NULL	NULL	NULL	NULL
4730	SRR671816	R	R	S	R	NULL	NULL	S	S	S	S	NULL	NULL	NULL	NULL	NULL	NULL	NULL	NULL
4731	SRR671817	R	R	S	R	NULL	NULL	S	S	S	S	NULL	NULL	NULL	NULL	NULL	NULL	NULL	NULL
4732	SRR671818	R	R	R	R	NULL	NULL	S	S	S	S	NULL	NULL	NULL	NULL	NULL	NULL	NULL	NULL
4733	SRR671819	R	R	S	R	NULL	NULL	S	R	S	R	NULL	NULL	NULL	NULL	NULL	NULL	NULL	NULL
4734	SRR671820	R	R	S	R	NULL	NULL	S	S	S	S	NULL	NULL	NULL	NULL	NULL	NULL	NULL	NULL
4735	SRR671821	R	R	R	R	NULL	NULL	R	R	R	R	NULL	NULL	NULL	NULL	NULL	NULL	NULL	NULL
4736	SRR671822	R	R	R	R	NULL	NULL	S	S	S	R	NULL	NULL	NULL	NULL	NULL	NULL	NULL	NULL
4737	SRR671823	S	S	S	S	NULL	NULL	S	S	S	S	NULL	NULL	NULL	NULL	NULL	NULL	NULL	NULL
4738	SRR671824	R	R	S	R	NULL	NULL	S	R	S	S	NULL	NULL	NULL	NULL	NULL	NULL	NULL	NULL
4794	SRR671825	R	R	R	S	NULL	NULL	S	R	S	R	NULL	NULL	NULL	NULL	NULL	NULL	NULL	NULL
4795	SRR671826	R	R	R	S	NULL	NULL	R	R	S	S	NULL	NULL	NULL	NULL	NULL	NULL	NULL	NULL
4796	SRR671827	S	S	S	S	NULL	NULL	S	S	S	S	NULL	NULL	NULL	NULL	NULL	NULL	NULL	NULL
4797	SRR671828	R	R	S	S	NULL	NULL	S	R	S	R	NULL	NULL	NULL	NULL	NULL	NULL	NULL	NULL
4798	SRR671829	R	R	S	R	NULL	NULL	S	S	S	R	NULL	NULL	NULL	NULL	NULL	NULL	NULL	NULL
4799	SRR671830	S	S	S	S	NULL	NULL	S	S	S	S	NULL	NULL	NULL	NULL	NULL	NULL	NULL	NULL
4800	SRR671831	R	R	S	S	NULL	NULL	S	S	S	S	NULL	NULL	NULL	NULL	NULL	NULL	NULL	NULL
4801	SRR671832	S	S	S	S	NULL	NULL	S	S	S	S	NULL	NULL	NULL	NULL	NULL	NULL	NULL	NULL
4802	SRR671833	S	S	S	S	NULL	NULL	S	S	S	S	NULL	NULL	NULL	NULL	NULL	NULL	NULL	NULL
4803	SRR671834	R	R	R	R	NULL	NULL	S	S	S	S	NULL	NULL	NULL	NULL	NULL	NULL	NULL	NULL
4804	SRR671835	S	S	S	S	NULL	NULL	S	S	S	S	NULL	NULL	NULL	NULL	NULL	NULL	NULL	NULL
4805	SRR671836	R	R	S	R	NULL	NULL	S	S	S	S	NULL	NULL	NULL	NULL	NULL	NULL	NULL	NULL
4806	SRR671837	R	R	R	R	NULL	NULL	S	S	S	S	NULL	NULL	NULL	NULL	NULL	NULL	NULL	NULL
4807	SRR671838	R	R	S	S	NULL	NULL	S	S	S	S	NULL	NULL	NULL	NULL	NULL	NULL	NULL	NULL
4808	SRR671839	R	R	R	R	NULL	NULL	S	R	S	R	NULL	NULL	NULL	NULL	NULL	NULL	NULL	NULL
4809	SRR671840	R	R	R	S	NULL	NULL	S	S	S	S	NULL	NULL	NULL	NULL	NULL	NULL	NULL	NULL
4810	SRR671841	R	R	R	R	NULL	NULL	S	S	S	S	NULL	NULL	NULL	NULL	NULL	NULL	NULL	NULL
4811	SRR671842	R	R	R	S	NULL	NULL	R	R	R	R	NULL	NULL	NULL	NULL	NULL	NULL	NULL	NULL
4812	SRR671843	R	R	S	R	NULL	NULL	S	S	S	S	NULL	NULL	NULL	NULL	NULL	NULL	NULL	NULL
4813	SRR671844	R	R	R	R	NULL	NULL	S	R	S	R	NULL	NULL	NULL	NULL	NULL	NULL	NULL	NULL
4814	SRR671845	R	R	R	S	NULL	NULL	S	S	S	S	NULL	NULL	NULL	NULL	NULL	NULL	NULL	NULL
4815	SRR671846	S	S	S	S	NULL	NULL	S	S	S	S	NULL	NULL	NULL	NULL	NULL	NULL	NULL	NULL
4816	SRR671847	R	R	S	S	NULL	NULL	S	S	S	S	NULL	NULL	NULL	NULL	NULL	NULL	NULL	NULL
4817	SRR671848	R	R	S	R	NULL	NULL	S	S	S	S	NULL	NULL	NULL	NULL	NULL	NULL	NULL	NULL
4818	SRR671849	R	R	R	R	NULL	NULL	S	S	S	S	NULL	NULL	NULL	NULL	NULL	NULL	NULL	NULL
4764	SRR671850	R	R	R	S	NULL	NULL	S	S	S	S	NULL	NULL	NULL	NULL	NULL	NULL	NULL	NULL
4765	SRR671851	R	R	R	R	NULL	NULL	S	S	S	S	NULL	NULL	NULL	NULL	NULL	NULL	NULL	NULL
4766	SRR671852	R	R	S	R	NULL	NULL	S	S	S	R	NULL	NULL	NULL	NULL	NULL	NULL	NULL	NULL
4767	SRR671853	R	R	R	R	NULL	NULL	S	S	S	S	NULL	NULL	NULL	NULL	NULL	NULL	NULL	NULL
4768	SRR671854	R	R	R	R	NULL	NULL	S	R	S	R	NULL	NULL	NULL	NULL	NULL	NULL	NULL	NULL
4769	SRR671855	R	R	R	R	NULL	NULL	S	R	S	R	NULL	NULL	NULL	NULL	NULL	NULL	NULL	NULL
4770	SRR671856	S	S	S	S	NULL	NULL	S	S	S	S	NULL	NULL	NULL	NULL	NULL	NULL	NULL	NULL
4771	SRR671857	R	R	R	S	NULL	NULL	S	S	S	S	NULL	NULL	NULL	NULL	NULL	NULL	NULL	NULL
4772	SRR671858	S	S	S	S	NULL	NULL	S	S	S	S	NULL	NULL	NULL	NULL	NULL	NULL	NULL	NULL
4773	SRR671859	S	S	S	S	NULL	NULL	S	S	S	S	NULL	NULL	NULL	NULL	NULL	NULL	NULL	NULL
4774	SRR671860	S	S	S	S	NULL	NULL	S	S	S	S	NULL	NULL	NULL	NULL	NULL	NULL	NULL	NULL
4775	SRR671861	R	R	S	S	NULL	NULL	S	S	S	S	NULL	NULL	NULL	NULL	NULL	NULL	NULL	NULL
4776	SRR671862	R	R	R	R	NULL	NULL	R	R	R	R	NULL	NULL	NULL	NULL	NULL	NULL	NULL	NULL
4777	SRR671863	R	R	R	S	NULL	NULL	R	S	R	R	NULL	NULL	NULL	NULL	NULL	NULL	NULL	NULL
4778	SRR671864	R	R	R	S	NULL	NULL	R	S	R	R	NULL	NULL	NULL	NULL	NULL	NULL	NULL	NULL
4779	SRR671865	R	R	R	R	NULL	NULL	S	NULL	R	R	NULL	NULL	NULL	NULL	NULL	NULL	NULL	NULL
4780	SRR671866	R	R	R	R	NULL	NULL	S	NULL	S	R	NULL	NULL	NULL	NULL	NULL	NULL	NULL	NULL
4781	SRR671867	R	R	S	R	NULL	NULL	S	NULL	S	S	NULL	NULL	NULL	NULL	NULL	NULL	NULL	NULL
4782	SRR671868	R	R	R	S	NULL	NULL	R	NULL	S	S	NULL	NULL	NULL	NULL	NULL	NULL	NULL	NULL
4783	SRR671869	R	R	S	R	NULL	NULL	S	NULL	S	S	NULL	NULL	NULL	NULL	NULL	NULL	NULL	NULL
4784	SRR671870	S	S	S	S	NULL	NULL	S	S	S	S	NULL	NULL	NULL	NULL	NULL	NULL	NULL	NULL
4785	SRR671871	S	S	S	S	NULL	NULL	S	S	S	S	NULL	NULL	NULL	NULL	NULL	NULL	NULL	NULL
4786	SRR671872	S	S	S	S	NULL	NULL	S	S	S	S	NULL	NULL	NULL	NULL	NULL	NULL	NULL	NULL
4787	SRR671873	S	S	S	S	NULL	NULL	S	S	S	S	NULL	NULL	NULL	NULL	NULL	NULL	NULL	NULL
4788	SRR671874	S	S	S	S	NULL	NULL	S	S	S	S	NULL	NULL	NULL	NULL	NULL	NULL	NULL	NULL
4789	SRR671875	S	S	S	S	NULL	NULL	S	S	S	S	NULL	NULL	NULL	NULL	NULL	NULL	NULL	NULL
4790	SRR671876	S	S	S	S	NULL	NULL	S	S	S	S	NULL	NULL	NULL	NULL	NULL	NULL	NULL	NULL
4791	SRR671877	S	S	S	S	NULL	NULL	S	S	S	S	NULL	NULL	NULL	NULL	NULL	NULL	NULL	NULL
4792	SRR671878	S	S	S	S	NULL	NULL	S	S	S	S	NULL	NULL	NULL	NULL	NULL	NULL	NULL	NULL
4793	SRR671879	S	S	S	S	NULL	NULL	S	S	S	S	NULL	NULL	NULL	NULL	NULL	NULL	NULL	NULL
4170	1479151773189T1379014lib3421nextseqn0012151bp	R	R	S	NULL	NULL	NULL	S	S	S	S	NULL	R	S	S	NULL	NULL	NULL	S
4193	1479153938227T1380614lib3971miseqr0139301bp	R	R	R	NULL	NULL	NULL	S	R	S	S	NULL	R	S	S	NULL	NULL	NULL	S
